-- MySQL dump 10.13  Distrib 5.7.20, for Linux (x86_64)
--
-- Host: localhost    Database: k2_development
-- ------------------------------------------------------
-- Server version	5.7.20-0ubuntu0.17.04.1

/*!40101 SET @OLD_CHARACTER_SET_CLIENT=@@CHARACTER_SET_CLIENT */;
/*!40101 SET @OLD_CHARACTER_SET_RESULTS=@@CHARACTER_SET_RESULTS */;
/*!40101 SET @OLD_COLLATION_CONNECTION=@@COLLATION_CONNECTION */;
/*!40101 SET NAMES utf8 */;
/*!40103 SET @OLD_TIME_ZONE=@@TIME_ZONE */;
/*!40103 SET TIME_ZONE='+00:00' */;
/*!40014 SET @OLD_UNIQUE_CHECKS=@@UNIQUE_CHECKS, UNIQUE_CHECKS=0 */;
/*!40014 SET @OLD_FOREIGN_KEY_CHECKS=@@FOREIGN_KEY_CHECKS, FOREIGN_KEY_CHECKS=0 */;
/*!40101 SET @OLD_SQL_MODE=@@SQL_MODE, SQL_MODE='NO_AUTO_VALUE_ON_ZERO' */;
/*!40111 SET @OLD_SQL_NOTES=@@SQL_NOTES, SQL_NOTES=0 */;

--
-- Table structure for table `accounts`
--

DROP TABLE IF EXISTS `accounts`;
/*!40101 SET @saved_cs_client     = @@character_set_client */;
/*!40101 SET character_set_client = utf8 */;
CREATE TABLE `accounts` (
  `id` bigint(20) unsigned NOT NULL AUTO_INCREMENT,
  `name` varchar(255) DEFAULT NULL,
  `user_id` int(11) DEFAULT NULL,
  `server_id` int(11) DEFAULT NULL,
  `account_id` int(11) DEFAULT NULL,
  `solvedProblems` int(11) DEFAULT NULL,
  `score` int(11) DEFAULT NULL,
  `created_at` datetime NOT NULL,
  `updated_at` datetime NOT NULL,
  PRIMARY KEY (`id`),
  UNIQUE KEY `id` (`id`),
  UNIQUE KEY `index_accounts_on_account_id_and_server_id` (`account_id`,`server_id`),
  UNIQUE KEY `index_accounts_on_user_id_and_server_id` (`user_id`,`server_id`),
  KEY `index_accounts_on_server_id` (`server_id`),
  KEY `index_accounts_on_user_id` (`user_id`)
) ENGINE=InnoDB AUTO_INCREMENT=54 DEFAULT CHARSET=latin1;
/*!40101 SET character_set_client = @saved_cs_client */;

--
-- Dumping data for table `accounts`
--

LOCK TABLES `accounts` WRITE;
/*!40000 ALTER TABLE `accounts` DISABLE KEYS */;
INSERT INTO `accounts` VALUES (1,'team01',NULL,1,2,0,0,'2017-11-20 09:30:39','2017-11-20 09:30:39'),(2,'team02',NULL,1,3,0,0,'2017-11-20 09:30:39','2017-11-20 09:30:39'),(3,'team03',NULL,1,4,1,79,'2017-11-20 09:30:39','2017-11-20 09:32:14'),(4,'team04',NULL,1,5,1,95,'2017-11-20 09:30:39','2017-11-20 09:32:16'),(5,'team05',NULL,1,6,3,37458,'2017-11-20 09:30:39','2017-11-20 09:32:23'),(6,'team06',NULL,1,7,0,0,'2017-11-20 09:30:39','2017-11-20 09:30:39'),(7,'Choi.1, K.',NULL,1,15,12,2195317,'2017-11-20 09:30:39','2017-12-02 21:00:32'),(8,'Galioulline, H.R.',NULL,1,17,9,1552629,'2017-11-20 09:30:40','2017-12-02 21:00:26'),(9,'Leenen, M.',NULL,1,19,18,3306010,'2017-11-20 09:30:40','2017-12-02 21:00:28'),(10,'Maurix, F.G.',NULL,1,20,12,2185778,'2017-11-20 09:30:40','2017-12-02 21:00:14'),(11,'Dirkx, C.J.',NULL,1,21,20,3495696,'2017-11-20 09:30:40','2017-12-02 21:00:28'),(12,'Wolters, K.S.',NULL,1,23,44,7210811,'2017-11-20 09:30:40','2017-12-02 21:00:16'),(13,'Visscher, M.H.',NULL,1,24,3,542850,'2017-11-20 09:30:40','2017-12-02 20:56:41'),(14,'Weibel, L.W.',NULL,1,26,8,1461391,'2017-11-20 09:30:40','2017-12-02 20:58:50'),(15,'O\'Driscoll, N.S.A.',NULL,1,28,0,0,'2017-11-20 09:30:40','2017-11-20 09:30:40'),(16,'Ge, S.',NULL,1,29,0,0,'2017-11-20 09:30:40','2017-11-20 09:30:40'),(17,'Verlaek, W.M.W.R.',NULL,1,31,13,2340296,'2017-11-20 09:30:40','2017-12-02 20:58:50'),(18,'Kuiper, J.A.',NULL,1,32,9,1694881,'2017-11-20 09:30:40','2017-12-02 21:01:02'),(19,'Claassen, C.M.Y.',NULL,1,34,2,368770,'2017-11-20 09:30:40','2017-12-02 20:58:53'),(20,'Meijaard, Y.J.',NULL,1,36,5,883081,'2017-11-20 09:30:40','2017-12-02 20:56:40'),(21,'Berg, S.H.M. van den',NULL,1,38,9,1624330,'2017-11-20 09:30:40','2017-12-02 20:58:51'),(22,'Haghighatkhah, P.',NULL,1,40,8,1500168,'2017-11-20 09:30:42','2017-12-02 21:00:31'),(23,'Unknown User 1',NULL,1,1,NULL,NULL,'2017-11-20 09:30:42','2017-11-20 09:30:42'),(24,'Shaw, P.T.',NULL,1,42,9,1668477,'2017-11-20 09:30:42','2017-12-02 21:00:19'),(25,'Wall, A.A.G. van de',NULL,1,43,3,552655,'2017-11-20 09:30:42','2017-12-02 20:56:41'),(26,'Nogarede, K.A.H.M.',NULL,1,44,0,0,'2017-11-20 09:30:42','2017-11-20 09:30:42'),(27,'Bernts, I.T.D.',NULL,1,45,0,0,'2017-11-20 09:30:43','2017-11-20 09:30:43'),(28,'Brandts, A.',NULL,1,47,0,0,'2017-11-20 09:30:43','2017-11-20 09:30:43'),(29,'Chaudhuri.1, S.',NULL,1,48,0,0,'2017-11-20 09:30:43','2017-11-20 09:30:43'),(30,'Steijn, K.R.',NULL,1,50,0,0,'2017-11-20 09:30:43','2017-11-20 09:30:43'),(31,'Martin, L.H.',NULL,1,51,0,0,'2017-11-20 09:30:43','2017-11-20 09:30:43'),(32,'Marin, S.C.I.',NULL,1,52,0,0,'2017-11-20 09:30:43','2017-11-20 09:30:43'),(33,'Hofs, J.C.W.',NULL,1,54,0,0,'2017-11-20 09:30:43','2017-11-20 09:30:43'),(34,'Pintilie, A.',NULL,1,55,0,0,'2017-11-20 09:30:43','2017-11-20 09:30:43'),(35,'Oosterhout, K. van',NULL,1,57,0,0,'2017-11-20 09:30:43','2017-11-20 09:30:43'),(36,'Weibel, C.C.',NULL,1,59,0,0,'2017-11-20 09:30:43','2017-11-20 09:30:43'),(37,'Vente, C.W. de',NULL,1,61,0,0,'2017-11-20 09:30:43','2017-11-20 09:30:43'),(38,'Benthem, A.T. van',NULL,1,64,0,0,'2017-11-20 09:30:43','2017-11-20 09:30:43'),(39,'Tomescu, R.',NULL,1,65,0,0,'2017-11-20 09:30:43','2017-11-20 09:30:43'),(40,'Laan, H.E. van der',NULL,1,67,0,0,'2017-11-20 09:30:43','2017-11-20 09:30:43'),(41,'Brabander, B. de',NULL,1,68,0,0,'2017-11-20 09:30:43','2017-11-20 09:30:43'),(42,'Múnera Alvarez, S.F.',NULL,1,69,0,0,'2017-11-20 09:30:43','2017-11-20 09:30:43'),(43,'Timmermans, M.W.',NULL,1,71,0,0,'2017-11-20 09:30:43','2017-11-20 09:30:43'),(44,'Afonins, B.',NULL,1,73,0,0,'2017-11-20 09:30:43','2017-11-20 09:30:43'),(45,'Zeijlemaker, S.',NULL,1,75,0,0,'2017-11-20 09:30:43','2017-11-20 09:30:43'),(46,'Persoons, R.D.L.',NULL,1,76,0,0,'2017-11-20 09:30:43','2017-11-20 09:30:43'),(47,'Barvinko, V.P.',NULL,1,77,0,0,'2017-11-20 09:30:43','2017-11-20 09:30:43'),(48,'Westelaken, M.M.A. van de',NULL,1,79,0,0,'2017-11-20 09:30:43','2017-11-20 09:30:43'),(49,'Slot, S.J.',NULL,1,80,0,0,'2017-11-20 09:30:43','2017-11-20 09:30:43'),(50,'Visser, J.W.J.H.',NULL,1,82,0,0,'2017-11-20 09:30:43','2017-11-20 09:30:43'),(51,'Alkema, H.Y.',NULL,1,84,0,0,'2017-11-20 09:30:43','2017-11-20 09:30:43'),(52,'Popov, A.A.',NULL,1,86,0,0,'2017-11-20 09:30:43','2017-11-20 09:30:43'),(53,'Unknown User 14',NULL,1,14,NULL,NULL,'2017-11-20 09:36:30','2017-11-20 09:36:30');
/*!40000 ALTER TABLE `accounts` ENABLE KEYS */;
UNLOCK TABLES;

--
-- Table structure for table `ar_internal_metadata`
--

DROP TABLE IF EXISTS `ar_internal_metadata`;
/*!40101 SET @saved_cs_client     = @@character_set_client */;
/*!40101 SET character_set_client = utf8 */;
CREATE TABLE `ar_internal_metadata` (
  `key` varchar(255) NOT NULL,
  `value` varchar(255) DEFAULT NULL,
  `created_at` datetime NOT NULL,
  `updated_at` datetime NOT NULL,
  PRIMARY KEY (`key`)
) ENGINE=InnoDB DEFAULT CHARSET=latin1;
/*!40101 SET character_set_client = @saved_cs_client */;

--
-- Dumping data for table `ar_internal_metadata`
--

LOCK TABLES `ar_internal_metadata` WRITE;
/*!40000 ALTER TABLE `ar_internal_metadata` DISABLE KEYS */;
INSERT INTO `ar_internal_metadata` VALUES ('environment','development','2017-11-20 09:19:23','2017-11-20 09:19:23');
/*!40000 ALTER TABLE `ar_internal_metadata` ENABLE KEYS */;
UNLOCK TABLES;

--
-- Table structure for table `problems`
--

DROP TABLE IF EXISTS `problems`;
/*!40101 SET @saved_cs_client     = @@character_set_client */;
/*!40101 SET character_set_client = utf8 */;
CREATE TABLE `problems` (
  `id` bigint(20) unsigned NOT NULL AUTO_INCREMENT,
  `server_id` int(11) DEFAULT NULL,
  `problem_id` varchar(255) DEFAULT NULL,
  `short_name` varchar(255) DEFAULT NULL,
  `name` varchar(255) DEFAULT NULL,
  `created_at` datetime NOT NULL,
  `updated_at` datetime NOT NULL,
  `label` varchar(255) DEFAULT NULL,
  PRIMARY KEY (`id`),
  UNIQUE KEY `id` (`id`),
  UNIQUE KEY `index_problems_on_server_id_and_problem_id` (`server_id`,`problem_id`),
  UNIQUE KEY `index_problems_on_server_id_and_short_name` (`server_id`,`short_name`),
  KEY `index_problems_on_server_id` (`server_id`)
) ENGINE=InnoDB AUTO_INCREMENT=248 DEFAULT CHARSET=latin1;
/*!40101 SET character_set_client = @saved_cs_client */;

--
-- Dumping data for table `problems`
--

LOCK TABLES `problems` WRITE;
/*!40000 ALTER TABLE `problems` DISABLE KEYS */;
INSERT INTO `problems` VALUES (1,1,'2','N10C','High Score','2017-11-20 09:30:04','2017-11-20 09:30:04','N10C'),(2,1,'3','N09H','Settlers of Catan','2017-11-20 09:30:04','2017-11-20 09:30:04','N09H'),(3,1,'4','B10D','Collatz','2017-11-20 09:30:04','2017-11-20 09:30:04','B10D'),(4,1,'5','B10J','Wrong Answer','2017-11-20 09:30:04','2017-11-20 09:30:04','B10J'),(5,1,'6','B11B','Quick out of the Harbour','2017-11-20 09:30:04','2017-11-20 09:30:04','B11B'),(6,1,'7','B09A','Penguin Bashing','2017-11-20 09:30:05','2017-11-20 09:30:05','B09A'),(7,1,'8','EAPC11A','Stifling the Mutiny','2017-11-20 09:30:05','2017-11-20 09:30:05','EAPC11A'),(8,1,'9','EAPC11B','RNG in Reverse','2017-11-20 09:30:05','2017-11-20 09:30:05','EAPC11B'),(9,1,'10','EAPC11C','Attack of the Giant n-pus','2017-11-20 09:30:05','2017-11-20 09:30:05','EAPC11C'),(10,1,'11','EAPC11D','Polly Wants a Cracker','2017-11-20 09:30:05','2017-11-20 09:30:05','EAPC11D'),(11,1,'12','EAPC11E','Rolling Dice','2017-11-20 09:30:05','2017-11-20 09:30:05','EAPC11E'),(12,1,'13','EAPC11F','Dividing the Loot','2017-11-20 09:30:05','2017-11-20 09:30:05','EAPC11F'),(13,1,'14','EAPC11G','Secret Island Base','2017-11-20 09:30:05','2017-11-20 09:30:05','EAPC11G'),(14,1,'15','EAPC11H','Stealth Ninja','2017-11-20 09:30:05','2017-11-20 09:30:05','EAPC11H'),(15,1,'16','EAPC11I','In and Out','2017-11-20 09:30:05','2017-11-20 09:30:05','EAPC11I'),(16,1,'17','EAPC11J','Shuriken Game','2017-11-20 09:30:05','2017-11-20 09:30:05','EAPC11J'),(17,1,'18','EAPC10A','Evolution','2017-11-20 09:30:05','2017-11-20 09:30:05','EAPC10A'),(18,1,'19','EAPC10B','Have a Nice Day','2017-11-20 09:30:05','2017-11-20 09:30:05','EAPC10B'),(19,1,'20','EAPC10C','Serial Numbers','2017-11-20 09:30:05','2017-11-20 09:30:05','EAPC10C'),(20,1,'21','EAPC10D','Equal Is Not Really Equal','2017-11-20 09:30:06','2017-11-20 09:30:06','EAPC10D'),(21,1,'22','EAPC10E','The Great Cleanup','2017-11-20 09:30:06','2017-11-20 09:30:06','EAPC10E'),(22,1,'23','EAPC10F','Stock Market','2017-11-20 09:30:06','2017-11-20 09:30:06','EAPC10F'),(23,1,'24','EAPC10G','Acrobat Reader','2017-11-20 09:30:06','2017-11-20 09:30:06','EAPC10G'),(24,1,'25','EAPC10H','Farmer John','2017-11-20 09:30:06','2017-11-20 09:30:06','EAPC10H'),(25,1,'26','EAPC10I','Imagine','2017-11-20 09:30:06','2017-11-20 09:30:06','EAPC10I'),(26,1,'27','EAPC10J','My Cousin Obama','2017-11-20 09:30:06','2017-11-20 09:30:06','EAPC10J'),(27,1,'28','EAPC13A','Area Coverage','2017-11-20 09:30:06','2017-11-20 09:30:06','EAPC13A'),(28,1,'29','EAPC13B','Bad Signal','2017-11-20 09:30:06','2017-11-20 09:30:06','EAPC13B'),(29,1,'33','EAPC13C','Cracking the Safe','2017-11-20 09:30:06','2017-11-20 09:30:06','EAPC13C'),(30,1,'34','EAPC13D','Dreaded Alternating Game','2017-11-20 09:30:06','2017-11-20 09:30:06','EAPC13D'),(31,1,'35','EAPC13E','Encryption','2017-11-20 09:30:06','2017-11-20 09:30:06','EAPC13E'),(32,1,'36','EAPC13F','Fare Dodging','2017-11-20 09:30:06','2017-11-20 09:30:06','EAPC13F'),(33,1,'37','EAPC13G','Genuine Messages','2017-11-20 09:30:06','2017-11-20 09:30:06','EAPC13G'),(34,1,'38','EAPC13H','How Much?','2017-11-20 09:30:07','2017-11-20 09:30:07','EAPC13H'),(35,1,'39','EAPC13I','Identification Codes','2017-11-20 09:30:07','2017-11-20 09:30:07','EAPC13I'),(36,1,'40','EAPC13J','Just Enough Space','2017-11-20 09:30:07','2017-11-20 09:30:07','EAPC13J'),(37,1,'41','EAPC13K','Keys','2017-11-20 09:30:07','2017-11-20 09:30:07','EAPC13K'),(38,1,'42','EAPC14A','Choosing Ice Cream','2017-11-20 09:30:07','2017-11-20 09:30:07','EAPC14A'),(39,1,'43','EAPC14B','Failing Components','2017-11-20 09:30:07','2017-11-20 09:30:07','EAPC14B'),(40,1,'44','EAPC14C','Floor Painting','2017-11-20 09:30:07','2017-11-20 09:30:07','EAPC14C'),(41,1,'45','EAPC14D','Lift Problems','2017-11-20 09:30:07','2017-11-20 09:30:07','EAPC14D'),(42,1,'46','EAPC14E','Pawns','2017-11-20 09:30:07','2017-11-20 09:30:07','EAPC14E'),(43,1,'47','EAPC14F','Runway Planning','2017-11-20 09:30:07','2017-11-20 09:30:07','EAPC14F'),(44,1,'48','EAPC14G','Spy Network','2017-11-20 09:30:07','2017-11-20 09:30:07','EAPC14G'),(45,1,'49','EAPC14H','Talent Selection','2017-11-20 09:30:07','2017-11-20 09:30:07','EAPC14H'),(46,1,'50','EAPC14I','Train Station Tunnel','2017-11-20 09:30:08','2017-11-20 09:30:08','EAPC14I'),(47,1,'51','EAPC14J','Word Search','2017-11-20 09:30:08','2017-11-20 09:30:08','EAPC14J'),(48,1,'52','EAPC12A','Annoying Mosquitos','2017-11-20 09:30:08','2017-11-20 09:30:08','EAPC12A'),(49,1,'53','EAPC12B','Bad Scientist','2017-11-20 09:30:08','2017-11-20 09:30:08','EAPC12B'),(50,1,'54','EAPC12C','Cubing','2017-11-20 09:30:08','2017-11-20 09:30:08','EAPC12C'),(51,1,'55','EAPC12D','Digital Transmission','2017-11-20 09:30:08','2017-11-20 09:30:08','EAPC12D'),(52,1,'56','EAPC12E','Extreme Shopping','2017-11-20 09:30:08','2017-11-20 09:30:08','EAPC12E'),(53,1,'57','EAPC12F','Float to Fraction','2017-11-20 09:30:08','2017-11-20 09:30:08','EAPC12F'),(54,1,'58','EAPC12G','Gunslinger','2017-11-20 09:30:08','2017-11-20 09:30:08','EAPC12G'),(55,1,'59','EAPC12H','Hex','2017-11-20 09:30:08','2017-11-20 09:30:08','EAPC12H'),(56,1,'60','EAPC12I','Islands','2017-11-20 09:30:08','2017-11-20 09:30:08','EAPC12I'),(57,1,'61','EAPC12J','Jumbled Letters','2017-11-20 09:30:08','2017-11-20 09:30:08','EAPC12J'),(58,1,'70','EAPC08A','EAPC08A','2017-11-20 09:30:08','2017-11-20 09:30:08','EAPC08A'),(59,1,'71','EAPC08B','EAPC08B','2017-11-20 09:30:08','2017-11-20 09:30:08','EAPC08B'),(60,1,'72','EAPC08C','EAPC08C','2017-11-20 09:30:08','2017-11-20 09:30:08','EAPC08C'),(61,1,'73','EAPC08D','EAPC08D','2017-11-20 09:30:08','2017-11-20 09:30:08','EAPC08D'),(62,1,'74','EAPC08E','EAPC08E','2017-11-20 09:30:08','2017-11-20 09:30:08','EAPC08E'),(63,1,'75','EAPC08F','EAPC08F','2017-11-20 09:30:08','2017-11-20 09:30:08','EAPC08F'),(64,1,'76','EAPC08G','EAPC08G','2017-11-20 09:30:08','2017-11-20 09:30:08','EAPC08G'),(65,1,'77','EAPC08H','EAPC08H','2017-11-20 09:30:08','2017-11-20 09:30:08','EAPC08H'),(66,1,'78','BAPC11D','Bad Wiring','2017-11-20 09:30:08','2017-11-20 09:30:08','BAPC11D'),(67,1,'79','EAPC05H','Venus Rover','2017-11-20 09:30:08','2017-11-20 09:30:08','EAPC05H'),(68,1,'80','NWERC05D','Bowl Stack','2017-11-20 09:30:08','2017-11-20 09:30:08','NWERC05D'),(69,1,'81','EAPC06A','Cheesy Chess','2017-11-20 09:30:08','2017-11-20 09:30:08','EAPC06A'),(70,1,'82','EAPC06B','Frobenius','2017-11-20 09:30:09','2017-11-20 09:30:09','EAPC06B'),(71,1,'83','EAPC06C','Mineshaft','2017-11-20 09:30:09','2017-11-20 09:30:09','EAPC06C'),(72,1,'84','EAPC06D','Colour Sequence','2017-11-20 09:30:09','2017-11-20 09:30:09','EAPC06D'),(73,1,'85','EAPC06E','Projects','2017-11-20 09:30:09','2017-11-20 09:30:09','EAPC06E'),(74,1,'86','EAPC06F','Booksort','2017-11-20 09:30:09','2017-11-20 09:30:09','EAPC06F'),(75,1,'87','EAPC06G','Oulipo','2017-11-20 09:30:09','2017-11-20 09:30:09','EAPC06G'),(76,1,'88','EAPC06H','Lucky Light','2017-11-20 09:30:09','2017-11-20 09:30:09','EAPC06H'),(77,1,'89','EAPC06I','Sightseeing','2017-11-20 09:30:09','2017-11-20 09:30:09','EAPC06I'),(78,1,'90','BAPC10G','BAPC10G','2017-11-20 09:30:09','2017-11-20 09:30:09','BAPC10G'),(79,1,'91','BAPC10E','BAPC10E','2017-11-20 09:30:09','2017-11-20 09:30:09','BAPC10E'),(80,1,'92','BAPC10D','BAPC10D','2017-11-20 09:30:09','2017-11-20 09:30:09','BAPC10D'),(81,1,'93','BAPC10C','BAPC10C','2017-11-20 09:30:09','2017-11-20 09:30:09','BAPC10C'),(82,1,'94','BAPC10B','BAPC10B','2017-11-20 09:30:09','2017-11-20 09:30:09','BAPC10B'),(83,1,'95','BAPC10A','BAPC10A','2017-11-20 09:30:09','2017-11-20 09:30:09','BAPC10A'),(84,1,'96','BAPC10H','BAPC10H','2017-11-20 09:30:09','2017-11-20 09:30:09','BAPC10H'),(85,1,'97','BAPC10J','BAPC10J','2017-11-20 09:30:09','2017-11-20 09:30:09','BAPC10J'),(86,1,'98','BAPC10I','BAPC10I','2017-11-20 09:30:09','2017-11-20 09:30:09','BAPC10I'),(87,1,'99','BAPC12A','Another Dice Game','2017-11-20 09:30:09','2017-11-20 09:30:09','BAPC12A'),(88,1,'101','BAPC12C','Chess Competition','2017-11-20 09:30:09','2017-11-20 09:30:09','BAPC12C'),(89,1,'102','BAPC12D','Digit Sum','2017-11-20 09:30:09','2017-11-20 09:30:09','BAPC12D'),(90,1,'103','BAPC12E','Encoded Message','2017-11-20 09:30:09','2017-11-20 09:30:09','BAPC12E'),(91,1,'104','BAPC12F','Fire','2017-11-20 09:30:09','2017-11-20 09:30:09','BAPC12F'),(92,1,'105','BAPC12G','Good Coalition','2017-11-20 09:30:09','2017-11-20 09:30:09','BAPC12G'),(93,1,'106','BAPC12H','Hot Dogs in Manhattan','2017-11-20 09:30:09','2017-11-20 09:30:09','BAPC12H'),(94,1,'107','BAPC12I','Integer Lists','2017-11-20 09:30:09','2017-11-20 09:30:09','BAPC12I'),(95,1,'108','BAPC12J','John\'s Book Stack','2017-11-20 09:30:10','2017-11-20 09:30:10','BAPC12J'),(96,1,'109','BAPC13J','BAPC13J','2017-11-20 09:30:10','2017-11-20 09:30:10','BAPC13J'),(97,1,'110','BAPC13I','BAPC13I','2017-11-20 09:30:10','2017-11-20 09:30:10','BAPC13I'),(98,1,'111','BAPC13H','BAPC13H','2017-11-20 09:30:10','2017-11-20 09:30:10','BAPC13H'),(99,1,'112','BAPC13G','BAPC13G','2017-11-20 09:30:10','2017-11-20 09:30:10','BAPC13G'),(100,1,'113','BAPC13F','BAPC13F','2017-11-20 09:30:10','2017-11-20 09:30:10','BAPC13F'),(101,1,'114','BAPC13E','BAPC13E','2017-11-20 09:30:10','2017-11-20 09:30:10','BAPC13E'),(102,1,'115','BAPC13D','BAPC13D','2017-11-20 09:30:11','2017-11-20 09:30:11','BAPC13D'),(103,1,'116','BAPC13C','BAPC13C','2017-11-20 09:30:11','2017-11-20 09:30:11','BAPC13C'),(104,1,'117','BAPC13B','BAPC13B','2017-11-20 09:30:11','2017-11-20 09:30:11','BAPC13B'),(105,1,'118','BAPC13A','BAPC13A','2017-11-20 09:30:11','2017-11-20 09:30:11','BAPC13A'),(106,1,'119','BAPC11A','Popping Balloons','2017-11-20 09:30:11','2017-11-20 09:30:11','BAPC11A'),(107,1,'120','BAPC07B','Bus Pass','2017-11-20 09:30:11','2017-11-20 09:30:11','BAPC07B'),(108,1,'121','BAPC11C','Find the Treasure','2017-11-20 09:30:11','2017-11-20 09:30:11','BAPC11C'),(109,1,'123','BAPC11F','Ultimate Finishing Strike','2017-11-20 09:30:11','2017-11-20 09:30:11','BAPC11F'),(110,1,'124','BAPC11G','Doubloon Game','2017-11-20 09:30:11','2017-11-20 09:30:11','BAPC11G'),(111,1,'125','BAPC11H','Walking the Plank','2017-11-20 09:30:11','2017-11-20 09:30:11','BAPC11H'),(112,1,'126','BAPC11I','Parking Ships','2017-11-20 09:30:11','2017-11-20 09:30:11','BAPC11I'),(113,1,'127','BAPC11J','Treasure Map','2017-11-20 09:30:11','2017-11-20 09:30:11','BAPC11J'),(114,1,'128','NWERC08E','Easy Climb','2017-11-20 09:30:11','2017-11-20 09:30:11','NWERC08E'),(115,1,'129','EAPC15A','Cheating Knight','2017-11-20 09:30:11','2017-11-20 09:30:11','EAPC15A'),(116,1,'133','EAPC15C','EAPC15C','2017-11-20 09:30:12','2017-11-20 09:30:12','EAPC15C'),(117,1,'134','EAPC15D','EAPC15D','2017-11-20 09:30:12','2017-11-20 09:30:12','EAPC15D'),(118,1,'135','EAPC15E','EAPC15E','2017-11-20 09:30:12','2017-11-20 09:30:12','EAPC15E'),(119,1,'136','EAPC15F','EAPC15F','2017-11-20 09:30:12','2017-11-20 09:30:12','EAPC15F'),(120,1,'138','EAPC15H','EAPC15H','2017-11-20 09:30:12','2017-11-20 09:30:12','EAPC15H'),(121,1,'139','EAPC15I','EAPC15I','2017-11-20 09:30:12','2017-11-20 09:30:12','EAPC15I'),(122,1,'140','EAPC15J','EAPC15J','2017-11-20 09:30:12','2017-11-20 09:30:12','EAPC15J'),(123,1,'141','EAPC15K','EAPC15K','2017-11-20 09:30:12','2017-11-20 09:30:12','EAPC15K'),(124,1,'143','NWERC10A','Fair Division','2017-11-20 09:30:12','2017-11-20 09:30:12','NWERC10A'),(125,1,'144','NWERC10B','Free Goodies','2017-11-20 09:30:12','2017-11-20 09:30:12','NWERC10B'),(126,1,'145','NWERC10D','Hill Driving','2017-11-20 09:30:12','2017-11-20 09:30:12','NWERC10D'),(127,1,'146','NWERC10E','Rankings','2017-11-20 09:30:12','2017-11-20 09:30:12','NWERC10E'),(128,1,'147','NWERC10F','Risk','2017-11-20 09:30:12','2017-11-20 09:30:12','NWERC10F'),(129,1,'148','NWERC10G','Selling Land','2017-11-20 09:30:12','2017-11-20 09:30:12','NWERC10G'),(130,1,'149','NWERC10H','Stock Prices','2017-11-20 09:30:12','2017-11-20 09:30:12','NWERC10H'),(131,1,'151','NWERC10J','Wormly','2017-11-20 09:30:12','2017-11-20 09:30:12','NWERC10J'),(132,1,'152','NWERC11C','Movie Collection','2017-11-20 09:30:12','2017-11-20 09:30:12','NWERC11C'),(133,1,'153','NWERC11I','Tracking RFIDs','2017-11-20 09:30:12','2017-11-20 09:30:12','NWERC11I'),(134,1,'169','GCPC16A','GCPC16A','2017-11-20 09:30:12','2017-11-20 09:30:12','GCPC16A'),(135,1,'173','GCPC16B','GCPC16B','2017-11-20 09:30:12','2017-11-20 09:30:12','GCPC16B'),(136,1,'174','GCPC16C','GCPC16C','2017-11-20 09:30:12','2017-11-20 09:30:12','GCPC16C'),(137,1,'175','GCPC16D','GCPC16D','2017-11-20 09:30:12','2017-11-20 09:30:12','GCPC16D'),(138,1,'176','GCPC16E','GCPC16E','2017-11-20 09:30:13','2017-11-20 09:30:13','GCPC16E'),(139,1,'177','GCPC16F','GCPC16F','2017-11-20 09:30:13','2017-11-20 09:30:13','GCPC16F'),(140,1,'178','GCPC16G','GCPC16G','2017-11-20 09:30:13','2017-11-20 09:30:13','GCPC16G'),(141,1,'179','GCPC16H','GCPC16H','2017-11-20 09:30:13','2017-11-20 09:30:13','GCPC16H'),(142,1,'180','GCPC16I','GCPC16I','2017-11-20 09:30:13','2017-11-20 09:30:13','GCPC16I'),(143,1,'181','GCPC16J','GCPC16J','2017-11-20 09:30:13','2017-11-20 09:30:13','GCPC16J'),(144,1,'182','GCPC16K','GCPC16K','2017-11-20 09:30:13','2017-11-20 09:30:13','GCPC16K'),(145,1,'183','GCPC16L','GCPC16L','2017-11-20 09:30:13','2017-11-20 09:30:13','GCPC16L'),(146,1,'184','NCPC15A','Adjoint the Networks','2017-11-20 09:30:13','2017-11-20 09:30:13','NCPC15A'),(147,1,'186','NCPC15C','Cryptographer','2017-11-20 09:30:13','2017-11-20 09:30:13','NCPC15C'),(148,1,'187','NCPC15D','Disastrous Downtime','2017-11-20 09:30:13','2017-11-20 09:30:13','NCPC15D'),(149,1,'188','NCPC15E','Entertainment Box','2017-11-20 09:30:13','2017-11-20 09:30:13','NCPC15E'),(150,1,'189','NCPC15F','Floppy Music','2017-11-20 09:30:13','2017-11-20 09:30:13','NCPC15F'),(151,1,'190','NCPC15G','Goblin Garden Guards','2017-11-20 09:30:14','2017-11-20 09:30:14','NCPC15G'),(152,1,'191','NCPC15H','Hero Power','2017-11-20 09:30:14','2017-11-20 09:30:14','NCPC15H'),(153,1,'192','NCPC15I','iCar','2017-11-20 09:30:14','2017-11-20 09:30:14','NCPC15I'),(154,1,'193','NCPC15J','Just a Quiz','2017-11-20 09:30:14','2017-11-20 09:30:14','NCPC15J'),(155,1,'194','NCPC12A','Aaah','2017-11-20 09:30:14','2017-11-20 09:30:14','NCPC12A'),(156,1,'195','NCPC12B','Bread','2017-11-20 09:30:14','2017-11-20 09:30:14','NCPC12B'),(157,1,'196','NCPC12C','Cookie Selection','2017-11-20 09:30:14','2017-11-20 09:30:14','NCPC12C'),(158,1,'197','NCPC12D','Doorman','2017-11-20 09:30:14','2017-11-20 09:30:14','NCPC12D'),(159,1,'198','NCPC12E','Eco Driving','2017-11-20 09:30:14','2017-11-20 09:30:14','NCPC12E'),(160,1,'199','NCPC12F','Food Review','2017-11-20 09:30:14','2017-11-20 09:30:14','NCPC12F'),(161,1,'200','NCPC12G','Galactic Warlords','2017-11-20 09:30:14','2017-11-20 09:30:14','NCPC12G'),(162,1,'201','NCPC12H','Horror List','2017-11-20 09:30:14','2017-11-20 09:30:14','NCPC12H'),(163,1,'202','NCPC12I','Infiltration','2017-11-20 09:30:14','2017-11-20 09:30:14','NCPC12I'),(164,1,'203','NCPC12J','Juice','2017-11-20 09:30:15','2017-11-20 09:30:15','NCPC12J'),(165,1,'204','NCPC12K','Kindergarten','2017-11-20 09:30:15','2017-11-20 09:30:15','NCPC12K'),(166,1,'205','NCPC12L','Luggage','2017-11-20 09:30:15','2017-11-20 09:30:15','NCPC12L'),(167,1,'206','BAPC16A','Airport Logistics','2017-11-20 09:30:15','2017-11-20 09:30:15','BAPC16A'),(168,1,'207','BAPC16B','Battle Simulation','2017-11-20 09:30:15','2017-11-20 09:30:15','BAPC16B'),(169,1,'208','BAPC16C','Brexit','2017-11-20 09:30:15','2017-11-20 09:30:15','BAPC16C'),(170,1,'209','BAPC16D','Bridge Automation','2017-11-20 09:30:15','2017-11-20 09:30:15','BAPC16D'),(171,1,'210','BAPC16E','Charles in Charge','2017-11-20 09:30:15','2017-11-20 09:30:15','BAPC16E'),(172,1,'211','BAPC16F','Endless Turning','2017-11-20 09:30:15','2017-11-20 09:30:15','BAPC16F'),(173,1,'212','BAPC16G','Manhattan Positioning System','2017-11-20 09:30:15','2017-11-20 09:30:15','BAPC16G'),(174,1,'213','BAPC16H','Multiplying Digits','2017-11-20 09:30:15','2017-11-20 09:30:15','BAPC16H'),(175,1,'214','BAPC16I','Older Brother','2017-11-20 09:30:15','2017-11-20 09:30:15','BAPC16I'),(176,1,'215','BAPC16J','Programming Tutors','2017-11-20 09:30:15','2017-11-20 09:30:15','BAPC16J'),(177,1,'216','BAPC16K','Safe Racing','2017-11-20 09:30:15','2017-11-20 09:30:15','BAPC16K'),(178,1,'217','BAPC16L','Sticky Situation','2017-11-20 09:30:15','2017-11-20 09:30:15','BAPC16L'),(179,1,'218','NWERC09A','An Industrial Spy','2017-11-20 09:30:15','2017-11-20 09:30:15','NWERC09A'),(180,1,'219','NWERC09B','Common Subexpression Elimination','2017-11-20 09:30:15','2017-11-20 09:30:15','NWERC09B'),(181,1,'220','NWERC09C','Divisible Subsequences','2017-11-20 09:30:16','2017-11-20 09:30:16','NWERC09C'),(182,1,'221','NWERC09D','Fractal','2017-11-20 09:30:16','2017-11-20 09:30:16','NWERC09D'),(183,1,'222','NWERC09E','Mountain Road','2017-11-20 09:30:16','2017-11-20 09:30:16','NWERC09E'),(184,1,'223','NWERC09F','Moving to Nuremberg','2017-11-20 09:30:16','2017-11-20 09:30:16','NWERC09F'),(185,1,'224','NWERC09G','Room Assignments','2017-11-20 09:30:16','2017-11-20 09:30:16','NWERC09G'),(186,1,'226','NWERC09J','Wormholes','2017-11-20 09:30:16','2017-11-20 09:30:16','NWERC09J'),(187,1,'228','EAPC16A','Block Game','2017-11-20 09:30:16','2017-11-20 09:30:16','EAPC16A'),(188,1,'229','EAPC16K','Translators Dinner','2017-11-20 09:30:16','2017-11-20 09:30:16','EAPC16K'),(189,1,'244','GC2017A','The Sky is Falling','2017-11-20 09:30:16','2017-11-20 09:30:16','GC2017A'),(190,1,'245','GC2017B','What does this all mean?','2017-11-20 09:30:16','2017-11-20 09:30:16','GC2017B'),(191,1,'246','GC2017C','Pipeline','2017-11-20 09:30:16','2017-11-20 09:30:16','GC2017C'),(192,1,'247','GC2017D','A Trumpian Masterplan','2017-11-20 09:30:16','2017-11-20 09:30:16','GC2017D'),(193,1,'248','GC2017E','Trumping the Trump','2017-11-20 09:30:16','2017-11-20 09:30:16','GC2017E'),(194,1,'249','GC2017F','Bad Hombres','2017-11-20 09:30:16','2017-11-20 09:30:16','GC2017F'),(195,1,'250','GC2017G','Green screen budget','2017-11-20 09:30:16','2017-11-20 09:30:16','GC2017G'),(196,1,'251','GC2017H','Tweet Stock Exchange','2017-11-20 09:30:16','2017-11-20 09:30:16','GC2017H'),(197,1,'252','GC2017I','America, **** Yeahhh!','2017-11-20 09:30:17','2017-11-20 09:30:17','GC2017I'),(198,1,'253','GC2017J','Trump\'s administration','2017-11-20 09:30:17','2017-11-20 09:30:17','GC2017J'),(199,1,'254','GC2017K','President of the Extraterrestrial States','2017-11-20 09:30:17','2017-11-20 09:30:17','GC2017K'),(200,1,'255','NCPC16A','Artwork','2017-11-20 09:30:17','2017-11-20 09:30:17','NCPC16A'),(201,1,'256','NCPC16B','Bless You Autocorrect!','2017-11-20 09:30:17','2017-11-20 09:30:17','NCPC16B'),(202,1,'257','NCPC16C','Card Hand Sorting','2017-11-20 09:30:17','2017-11-20 09:30:17','NCPC16C'),(203,1,'258','NCPC16J','Jumbled Compass','2017-11-20 09:30:17','2017-11-20 09:30:17','NCPC16J'),(204,1,'259','NCPC16K','Keeping the Dogs Apart','2017-11-20 09:30:17','2017-11-20 09:30:17','NCPC16K'),(205,1,'260','NCPC16E','Exponial','2017-11-20 09:30:17','2017-11-20 09:30:17','NCPC16E'),(206,1,'261','NCPC16G','Game Rank','2017-11-20 09:30:17','2017-11-20 09:30:17','NCPC16G'),(207,1,'262','NCPC16I','Interception','2017-11-20 09:30:17','2017-11-20 09:30:17','NCPC16I'),(208,1,'263','NCPC16F','Fleecing the Raffle','2017-11-20 09:30:17','2017-11-20 09:30:17','NCPC16F'),(209,1,'264','NCPC16D','Daydreaming Stockbroker','2017-11-20 09:30:17','2017-11-20 09:30:17','NCPC16D'),(210,1,'265','NCPC16H','Highest Tower','2017-11-20 09:30:17','2017-11-20 09:30:17','NCPC16H'),(211,1,'266','UKIE16J','Jack and the Beanbag','2017-11-20 09:30:17','2017-11-20 09:30:17','UKIE16J'),(212,1,'267','UKIE16B','Boat Building','2017-11-20 09:30:17','2017-11-20 09:30:17','UKIE16B'),(213,1,'268','UKIE16K','Compensation','2017-11-20 09:30:17','2017-11-20 09:30:17','UKIE16K'),(214,1,'269','UKIE16C','Compiler','2017-11-20 09:30:17','2017-11-20 09:30:17','UKIE16C'),(215,1,'270','UKIE16D','The Darkness','2017-11-20 09:30:17','2017-11-20 09:30:17','UKIE16D'),(216,1,'271','UKIE16F','Fridge','2017-11-20 09:30:18','2017-11-20 09:30:18','UKIE16F'),(217,1,'272','UKIE16G','Gondolas','2017-11-20 09:30:18','2017-11-20 09:30:18','UKIE16G'),(218,1,'273','UKIE16I','Grass Seed Inc.','2017-11-20 09:30:18','2017-11-20 09:30:18','UKIE16I'),(219,1,'274','UKIE16H','Rhyming Slang','2017-11-20 09:30:18','2017-11-20 09:30:18','UKIE16H'),(220,1,'275','UKIE16L','Secret Santa','2017-11-20 09:30:18','2017-11-20 09:30:18','UKIE16L'),(221,1,'276','UKIE16E','Elegant Showroom','2017-11-20 09:30:18','2017-11-20 09:30:18','UKIE16E'),(222,1,'277','UKIE16A','Taxing Problem','2017-11-20 09:30:18','2017-11-20 09:30:18','UKIE16A'),(223,1,'278','EAPC17A','Abandoned Animals','2017-11-20 09:30:18','2017-11-20 09:30:18','EAPC17A'),(224,1,'279','EAPC17B','Booming Business','2017-11-20 09:30:18','2017-11-20 09:30:18','EAPC17B'),(225,1,'280','EAPC17C','Crowd Control','2017-11-20 09:30:18','2017-11-20 09:30:18','EAPC17C'),(226,1,'281','EAPC17D','Disastrous Doubling','2017-11-20 09:30:18','2017-11-20 09:30:18','EAPC17D'),(227,1,'282','EAPC17E','Envious Exponents','2017-11-20 09:30:18','2017-11-20 09:30:18','EAPC17E'),(228,1,'283','EAPC17F','Fidget Spinner','2017-11-20 09:30:18','2017-11-20 09:30:18','EAPC17F'),(229,1,'284','EAPC17G','Ghostbusters','2017-11-20 09:30:18','2017-11-20 09:30:18','EAPC17G'),(230,1,'285','EAPC17H','Horror Film Night','2017-11-20 09:30:18','2017-11-20 09:30:18','EAPC17H'),(231,1,'286','EAPC17I','Intelligence Infection','2017-11-20 09:30:18','2017-11-20 09:30:18','EAPC17I'),(232,1,'287','EAPC17J','Journal Editing','2017-11-20 09:30:18','2017-11-20 09:30:18','EAPC17J'),(233,1,'288','EAPC17K','Knight Marathon','2017-11-20 09:30:18','2017-11-20 09:30:18','EAPC17K'),(234,1,'289','EAPC17L','Leapfrog','2017-11-20 09:30:18','2017-11-20 09:30:18','EAPC17L'),(235,1,'290','BAPC17A','Amsterdam Distance','2017-11-20 09:30:18','2017-11-20 09:30:18','BAPC17A'),(236,1,'292','BAPC17B','Bearly Made It','2017-11-20 09:30:18','2017-11-20 09:30:18','BAPC17B'),(237,1,'293','BAPC17C','Collatz Conjecture','2017-11-20 09:30:19','2017-11-20 09:30:19','BAPC17C'),(238,1,'294','BAPC17D','Detour','2017-11-20 09:30:19','2017-11-20 09:30:19','BAPC17D'),(239,1,'296','BAPC17E','Easter Eggs','2017-11-20 09:30:19','2017-11-20 09:30:19','BAPC17E'),(240,1,'297','BAPC17F','Falling Apart','2017-11-20 09:30:19','2017-11-20 09:30:19','BAPC17F'),(241,1,'298','BAPC17G','Going Dutch','2017-11-20 09:30:19','2017-11-20 09:30:19','BAPC17G'),(242,1,'300','BAPC17H','Hoarse Horses','2017-11-20 09:30:19','2017-11-20 09:30:19','BAPC17H'),(243,1,'301','BAPC17I','Irrational Division','2017-11-20 09:30:19','2017-11-20 09:30:19','BAPC17I'),(244,1,'302','BAPC17J','Jumping Choreography','2017-11-20 09:30:19','2017-11-20 09:30:19','BAPC17J'),(245,1,'303','BAPC17K','King of the Waves','2017-11-20 09:30:19','2017-11-20 09:30:19','BAPC17K'),(246,1,'304','BAPC17L','Lemonade Trade','2017-11-20 09:30:19','2017-11-20 09:30:19','BAPC17L'),(247,1,'305','BAPC17M','Manhattan Mornings','2017-11-20 09:30:19','2017-11-20 09:30:19','BAPC17M');
/*!40000 ALTER TABLE `problems` ENABLE KEYS */;
UNLOCK TABLES;

--
-- Table structure for table `schema_migrations`
--

DROP TABLE IF EXISTS `schema_migrations`;
/*!40101 SET @saved_cs_client     = @@character_set_client */;
/*!40101 SET character_set_client = utf8 */;
CREATE TABLE `schema_migrations` (
  `version` varchar(255) NOT NULL,
  PRIMARY KEY (`version`)
) ENGINE=InnoDB DEFAULT CHARSET=latin1;
/*!40101 SET character_set_client = @saved_cs_client */;

--
-- Dumping data for table `schema_migrations`
--

LOCK TABLES `schema_migrations` WRITE;
/*!40000 ALTER TABLE `schema_migrations` DISABLE KEYS */;
INSERT INTO `schema_migrations` VALUES ('20161221143028'),('20161221144218'),('20161223065745'),('20161225180931'),('20161225183842'),('20161226144214'),('20161229111303'),('20170128171108'),('20170130204132'),('20170201203245'),('20170203195103'),('20170218140019'),('20170218140821'),('20170828154029');
/*!40000 ALTER TABLE `schema_migrations` ENABLE KEYS */;
UNLOCK TABLES;

--
-- Table structure for table `servers`
--

DROP TABLE IF EXISTS `servers`;
/*!40101 SET @saved_cs_client     = @@character_set_client */;
/*!40101 SET character_set_client = utf8 */;
CREATE TABLE `servers` (
  `id` bigint(20) unsigned NOT NULL AUTO_INCREMENT,
  `name` varchar(255) DEFAULT NULL,
  `url` varchar(255) DEFAULT NULL,
  `api_type` varchar(255) DEFAULT NULL,
  `api_endpoint` varchar(255) DEFAULT NULL,
  `created_at` datetime NOT NULL,
  `updated_at` datetime NOT NULL,
  `last_submission` int(11) DEFAULT NULL,
  `started_at` int(11) DEFAULT NULL,
  `contest_id` int(11) DEFAULT NULL,
  PRIMARY KEY (`id`),
  UNIQUE KEY `id` (`id`)
) ENGINE=InnoDB AUTO_INCREMENT=2 DEFAULT CHARSET=latin1;
/*!40101 SET character_set_client = @saved_cs_client */;

--
-- Dumping data for table `servers`
--

LOCK TABLES `servers` WRITE;
/*!40000 ALTER TABLE `servers` DISABLE KEYS */;
INSERT INTO `servers` VALUES (1,NULL,'https://compprog.win.tue.nl/domjudge/public/','domjudge','https://compprog.win.tue.nl/domjudge/api/','2017-11-20 09:28:52','2017-12-02 21:02:02',1039,1430915400,2);
/*!40000 ALTER TABLE `servers` ENABLE KEYS */;
UNLOCK TABLES;

--
-- Table structure for table `submissions`
--

DROP TABLE IF EXISTS `submissions`;
/*!40101 SET @saved_cs_client     = @@character_set_client */;
/*!40101 SET character_set_client = utf8 */;
CREATE TABLE `submissions` (
  `id` bigint(20) unsigned NOT NULL AUTO_INCREMENT,
  `problem_id` int(11) DEFAULT NULL,
  `account_id` int(11) DEFAULT NULL,
  `submission_id` int(11) DEFAULT NULL,
  `created_at` datetime NOT NULL,
  `updated_at` datetime NOT NULL,
  `score` int(11) DEFAULT NULL,
  `status` int(11) DEFAULT '0',
  `language` varchar(255) DEFAULT NULL,
  PRIMARY KEY (`id`),
  UNIQUE KEY `id` (`id`),
  UNIQUE KEY `index_submissions_on_problem_id_and_submission_id` (`problem_id`,`submission_id`),
  KEY `index_submissions_on_account_id` (`account_id`),
  KEY `index_submissions_on_problem_id` (`problem_id`)
) ENGINE=InnoDB AUTO_INCREMENT=1003 DEFAULT CHARSET=latin1;
/*!40101 SET character_set_client = @saved_cs_client */;

--
-- Dumping data for table `submissions`
--

LOCK TABLES `submissions` WRITE;
/*!40000 ALTER TABLE `submissions` DISABLE KEYS */;
INSERT INTO `submissions` VALUES (1,6,23,10,'2015-05-03 21:49:01','2017-11-20 09:31:36',NULL,4,'java'),(2,6,23,11,'2015-05-03 21:49:18','2017-11-20 09:31:39',NULL,4,'java'),(3,6,23,12,'2015-05-03 21:49:28','2017-11-20 09:31:41',NULL,4,'java'),(4,6,23,13,'2015-05-03 21:49:36','2017-11-20 09:31:43',NULL,4,'cpp'),(5,6,23,14,'2015-05-03 21:49:46','2017-11-20 09:31:40',NULL,4,'cpp'),(6,6,23,15,'2015-05-03 21:49:59','2017-11-20 09:31:45',NULL,4,'cpp'),(7,6,23,16,'2015-05-03 21:50:08','2017-11-20 09:31:45',NULL,4,'cpp'),(8,3,23,17,'2015-05-03 21:51:02','2017-11-20 09:31:47',NULL,4,'c'),(9,3,23,18,'2015-05-03 21:51:16','2017-11-20 09:31:50',NULL,4,'cpp'),(10,3,23,19,'2015-05-03 21:51:27','2017-11-20 09:31:49',NULL,4,'cpp'),(11,4,23,20,'2015-05-03 21:51:40','2017-11-20 09:31:50',NULL,4,'c'),(12,4,23,21,'2015-05-03 21:51:51','2017-11-20 09:31:51',NULL,4,'cpp'),(13,5,23,22,'2015-05-03 21:52:22','2017-11-20 09:31:52',NULL,4,'cpp'),(14,5,23,23,'2015-05-03 21:52:31','2017-11-20 09:31:51',NULL,4,'java'),(15,5,23,24,'2015-05-03 21:52:40','2017-11-20 09:31:52',NULL,4,'java'),(16,5,23,25,'2015-05-03 21:52:56','2017-11-20 09:31:53',NULL,4,'java'),(17,5,23,26,'2015-05-03 21:53:04','2017-11-20 09:31:54',NULL,4,'cpp'),(18,5,23,27,'2015-05-03 21:53:13','2017-11-20 09:31:54',NULL,4,'cpp'),(19,1,23,28,'2015-05-03 21:53:50','2017-11-20 09:31:55',NULL,4,'cpp'),(20,1,23,29,'2015-05-03 21:54:02','2017-11-20 09:31:56',NULL,4,'java'),(21,1,23,30,'2015-05-03 21:54:11','2017-11-20 09:31:56',NULL,4,'cpp'),(22,1,23,31,'2015-05-03 21:54:22','2017-11-20 09:31:56',NULL,4,'c'),(23,1,23,32,'2015-05-03 21:54:31','2017-11-20 09:31:57',NULL,4,'cpp'),(24,1,23,33,'2015-05-03 21:54:40','2017-11-20 09:31:57',NULL,4,'cpp'),(25,1,23,34,'2015-05-03 21:54:49','2017-11-20 09:31:57',NULL,4,'cpp'),(26,2,23,35,'2015-05-03 21:55:17','2017-11-20 09:31:58',NULL,4,'cpp'),(27,2,23,36,'2015-05-03 21:55:28','2017-11-20 09:31:58',NULL,4,'cpp'),(28,2,23,37,'2015-05-03 21:55:36','2017-11-20 09:31:58',NULL,4,'cpp'),(29,2,23,38,'2015-05-03 21:55:43','2017-11-20 09:31:58',NULL,4,'cpp'),(30,2,23,39,'2015-05-03 21:55:52','2017-11-20 09:32:01',NULL,4,'java'),(31,2,23,40,'2015-05-03 21:55:59','2017-11-20 09:32:02',NULL,4,'cpp'),(32,2,23,41,'2015-05-03 21:56:06','2017-11-20 09:32:02',NULL,4,'cpp'),(33,5,23,42,'2015-05-03 22:00:08','2017-11-20 09:32:03',NULL,4,'cpp'),(34,5,23,43,'2015-05-03 22:01:51','2017-11-20 09:32:06',NULL,4,'cpp'),(35,6,23,44,'2015-05-03 22:06:31','2017-11-20 09:32:06',NULL,4,'cpp'),(36,6,23,45,'2015-05-03 22:12:40','2017-11-20 09:32:07',NULL,4,'cpp'),(37,6,23,46,'2015-05-06 09:56:14','2017-11-20 09:32:08',NULL,4,'cpp'),(38,3,3,47,'2015-05-06 13:00:08','2017-11-20 09:32:08',NULL,2,'java'),(39,3,4,48,'2015-05-06 13:18:46','2017-11-20 09:32:10',NULL,2,'java'),(40,1,2,49,'2015-05-06 13:19:31','2017-11-20 09:32:10',NULL,2,'java'),(41,3,5,50,'2015-05-06 13:23:11','2017-11-20 09:32:10',53,1,'java'),(42,1,1,51,'2015-05-06 13:28:08','2017-11-20 09:32:10',NULL,2,'java'),(43,3,3,52,'2015-05-06 13:31:33','2017-11-20 09:32:11',NULL,2,'java'),(44,3,3,53,'2015-05-06 13:33:04','2017-11-20 09:32:11',NULL,2,'java'),(45,1,1,54,'2015-05-06 13:40:09','2017-11-20 09:32:11',NULL,2,'java'),(46,1,2,55,'2015-05-06 13:43:44','2017-11-20 09:32:11',NULL,2,'java'),(47,1,1,56,'2015-05-06 13:44:11','2017-11-20 09:32:11',NULL,2,'java'),(48,3,2,57,'2015-05-06 13:46:23','2017-11-20 09:32:11',NULL,2,'java'),(49,3,3,58,'2015-05-06 13:49:05','2017-11-20 09:32:11',79,1,'java'),(50,1,2,59,'2015-05-06 14:02:36','2017-11-20 09:32:12',NULL,2,'java'),(51,1,2,60,'2015-05-06 14:03:53','2017-11-20 09:32:12',NULL,2,'java'),(52,3,4,61,'2015-05-06 14:05:07','2017-11-20 09:32:12',95,1,'java'),(53,1,2,62,'2015-05-06 14:12:04','2017-11-20 09:32:13',NULL,2,'java'),(54,1,3,63,'2015-05-06 14:42:11','2017-11-20 09:32:13',NULL,2,'java'),(55,1,2,64,'2015-05-06 14:50:41','2017-11-20 09:32:13',NULL,2,'java'),(56,3,1,65,'2015-05-06 15:16:35','2017-11-20 09:32:14',NULL,2,'java'),(57,1,5,66,'2015-05-06 15:17:51','2017-11-20 09:32:14',NULL,2,'java'),(58,1,5,67,'2015-05-06 15:25:49','2017-11-20 09:32:14',NULL,2,'java'),(59,3,2,68,'2015-05-06 15:27:51','2017-11-20 09:32:14',NULL,2,'java'),(60,4,2,69,'2015-05-06 15:29:14','2017-11-20 09:32:15',NULL,2,'java'),(61,2,2,70,'2015-05-06 15:29:49','2017-11-20 09:32:15',NULL,2,'java'),(62,5,2,71,'2015-05-06 15:30:01','2017-11-20 09:32:15',NULL,2,'java'),(63,1,5,72,'2015-05-06 15:30:35','2017-11-20 09:32:16',NULL,2,'java'),(64,1,2,73,'2015-05-06 15:32:48','2017-11-20 09:32:16',NULL,2,'cpp'),(65,3,23,74,'2015-05-06 18:16:52','2017-11-20 09:32:16',NULL,4,'cpp'),(66,1,23,75,'2015-05-06 18:32:02','2017-11-20 09:32:16',NULL,4,'cpp'),(67,6,5,76,'2015-05-19 09:32:59','2017-11-20 09:32:17',NULL,2,'java'),(68,6,5,77,'2015-05-19 10:12:35','2017-11-20 09:32:17',NULL,2,'java'),(69,6,5,78,'2015-05-19 10:14:14','2017-11-20 09:32:17',18584,1,'java'),(70,6,5,79,'2015-05-19 10:19:21','2017-11-20 09:32:17',NULL,3,'java'),(71,6,5,80,'2015-05-19 10:22:35','2017-11-20 09:32:18',NULL,3,'java'),(72,6,5,81,'2015-05-19 10:31:32','2017-11-20 09:32:18',NULL,3,'java'),(73,1,5,82,'2015-05-19 13:06:24','2017-11-20 09:32:18',NULL,2,'java'),(74,1,5,83,'2015-05-19 13:26:05','2017-11-20 09:32:19',NULL,2,'java'),(75,1,5,84,'2015-05-19 13:31:50','2017-11-20 09:32:19',NULL,2,'java'),(76,1,5,85,'2015-05-19 14:08:03','2017-11-20 09:32:19',NULL,2,'java'),(77,1,5,86,'2015-05-19 14:11:58','2017-11-20 09:32:20',18821,1,'java'),(78,1,6,87,'2015-05-23 11:40:46','2017-11-20 09:32:19',NULL,2,'c'),(79,1,6,88,'2015-05-23 11:45:50','2017-11-20 09:32:20',NULL,2,'c'),(80,1,6,89,'2015-05-23 11:48:21','2017-11-20 09:32:21',NULL,2,'c'),(81,1,6,90,'2015-05-23 12:41:21','2017-11-20 09:32:21',NULL,2,'c'),(82,1,6,91,'2015-05-23 12:51:08','2017-11-20 09:32:21',NULL,2,'c'),(83,1,6,92,'2015-05-23 16:39:37','2017-11-20 09:32:21',NULL,2,'c'),(84,1,6,93,'2015-05-24 10:50:52','2017-11-20 09:32:21',NULL,2,'c'),(85,1,6,94,'2015-05-31 17:36:38','2017-11-20 09:32:22',NULL,2,'java'),(86,1,6,95,'2015-05-31 19:10:55','2017-11-20 09:32:22',NULL,2,'java'),(87,4,5,96,'2015-06-02 16:38:26','2017-11-20 09:32:22',NULL,2,'java'),(88,4,5,97,'2015-06-02 16:45:30','2017-11-20 09:32:22',NULL,2,'java'),(89,4,5,98,'2015-06-02 16:57:44','2017-11-20 09:32:23',NULL,2,'java'),(90,4,5,99,'2015-06-02 17:19:06','2017-11-20 09:32:23',NULL,2,'java'),(91,3,5,100,'2015-06-03 19:34:49','2017-11-20 09:32:23',NULL,3,'java'),(92,3,5,101,'2015-06-04 23:23:26','2017-11-20 09:32:23',NULL,3,'java'),(93,3,5,102,'2015-06-04 23:26:08','2017-11-20 09:32:24',NULL,3,'java'),(94,3,5,103,'2015-06-04 23:35:46','2017-11-20 09:32:24',NULL,3,'java'),(95,3,5,104,'2015-06-05 00:30:11','2017-11-20 09:32:24',NULL,3,'java'),(96,3,5,105,'2015-06-05 00:51:39','2017-11-20 09:32:24',NULL,3,'java'),(97,3,5,106,'2015-06-05 00:54:41','2017-11-20 09:32:25',NULL,3,'java'),(98,16,23,107,'2015-07-15 12:41:16','2017-11-20 09:32:25',NULL,4,'cpp'),(99,16,23,108,'2015-07-15 12:42:07','2017-11-20 09:32:25',NULL,4,'cpp'),(100,16,23,109,'2015-07-15 12:42:27','2017-11-20 09:32:25',NULL,4,'java'),(101,7,23,110,'2015-07-15 12:43:02','2017-11-20 09:35:29',NULL,4,'cpp'),(102,7,23,111,'2015-07-15 12:43:10','2017-11-20 09:35:19',NULL,4,'cpp'),(103,7,23,112,'2015-07-15 12:43:19','2017-11-20 09:35:18',NULL,4,'java'),(104,7,23,113,'2015-07-15 12:43:33','2017-11-20 09:35:29',NULL,4,'cpp'),(105,8,23,114,'2015-07-15 12:43:46','2017-11-20 09:35:29',NULL,4,'cpp'),(106,8,23,115,'2015-07-15 12:44:03','2017-11-20 09:35:19',NULL,4,'java'),(107,8,23,116,'2015-07-15 12:44:17','2017-11-20 09:35:20',NULL,4,'cpp'),(108,8,23,117,'2015-07-15 12:44:26','2017-11-20 09:35:20',NULL,4,'cpp'),(109,9,23,118,'2015-07-15 12:44:38','2017-11-20 09:35:21',NULL,4,'cpp'),(110,9,23,119,'2015-07-15 12:44:49','2017-11-20 09:35:21',NULL,4,'java'),(111,10,23,120,'2015-07-15 12:45:06','2017-11-20 09:35:21',NULL,4,'cpp'),(112,10,23,121,'2015-07-15 12:45:15','2017-11-20 09:35:22',NULL,4,'java'),(113,11,23,122,'2015-07-15 12:45:30','2017-11-20 09:35:22',NULL,4,'cpp'),(114,11,23,123,'2015-07-15 12:45:40','2017-11-20 09:35:22',NULL,4,'java'),(115,11,23,124,'2015-07-15 12:45:49','2017-11-20 09:35:23',NULL,4,'cpp'),(116,12,23,125,'2015-07-15 12:46:35','2017-11-20 09:35:23',NULL,4,'cpp'),(117,12,23,126,'2015-07-15 12:46:44','2017-11-20 09:35:23',NULL,4,'java'),(118,13,23,127,'2015-07-15 12:46:59','2017-11-20 09:35:24',NULL,4,'cpp'),(119,13,23,128,'2015-07-15 12:47:08','2017-11-20 09:35:24',NULL,4,'java'),(120,14,23,129,'2015-07-15 12:47:21','2017-11-20 09:35:24',NULL,4,'cpp'),(121,14,23,130,'2015-07-15 12:47:29','2017-11-20 09:35:24',NULL,4,'java'),(122,15,23,131,'2015-07-15 12:47:48','2017-11-20 09:35:25',NULL,4,'cpp'),(123,15,23,132,'2015-07-15 12:47:57','2017-11-20 09:35:25',NULL,4,'java'),(124,15,23,133,'2015-07-15 12:48:06','2017-11-20 09:35:25',NULL,4,'cpp'),(125,15,23,134,'2015-07-15 12:48:13','2017-11-20 09:35:26',NULL,4,'cpp'),(126,6,11,135,'2015-07-19 09:51:09','2017-11-20 09:35:26',NULL,2,'java'),(127,6,11,136,'2015-07-19 09:53:53','2017-11-20 09:35:26',NULL,2,'java'),(128,6,11,137,'2015-07-19 10:25:01','2017-11-20 09:35:27',106435,1,'java'),(129,3,11,138,'2015-07-19 13:49:25','2017-11-20 09:35:27',NULL,2,'java'),(130,3,11,139,'2015-07-19 14:16:50','2017-11-20 09:35:27',NULL,2,'java'),(131,3,11,140,'2015-07-19 14:48:44','2017-11-20 09:35:27',106698,1,'java'),(132,4,11,141,'2015-07-19 21:53:21','2017-11-20 09:35:28',NULL,2,'java'),(133,4,11,142,'2015-07-19 23:42:38','2017-11-20 09:35:29',NULL,2,'java'),(134,4,11,143,'2015-07-20 00:16:43','2017-11-20 09:35:29',NULL,2,'java'),(135,4,11,144,'2015-07-20 01:20:20','2017-11-20 09:35:30',NULL,2,'java'),(136,1,11,145,'2015-07-21 23:58:32','2017-11-20 09:35:30',NULL,2,'java'),(137,1,11,146,'2015-07-22 00:50:00','2017-11-20 09:35:30',110180,1,'java'),(138,2,11,147,'2015-07-23 12:47:17','2017-11-20 09:35:30',NULL,2,'java'),(139,3,8,148,'2015-07-23 14:08:06','2017-11-20 09:35:31',NULL,2,'c'),(140,3,8,149,'2015-07-23 14:12:46','2017-11-20 09:35:32',NULL,2,'c'),(141,3,8,150,'2015-07-23 14:21:38','2017-11-20 09:35:32',NULL,2,'c'),(142,3,8,151,'2015-07-23 14:26:30','2017-11-20 09:35:32',NULL,2,'c'),(143,3,8,152,'2015-07-23 18:47:40','2017-11-20 09:35:32',112697,1,'c'),(144,2,23,153,'2015-07-25 19:29:44','2017-11-20 09:35:32',NULL,4,'cpp'),(145,11,8,154,'2015-08-07 07:58:45','2017-11-20 09:35:33',NULL,2,'c'),(146,7,12,155,'2015-08-08 08:55:23','2017-11-20 09:35:33',NULL,2,'cpp'),(147,7,12,156,'2015-08-08 08:59:19','2017-11-20 09:35:33',NULL,2,'cpp'),(148,7,12,157,'2015-08-08 09:22:09','2017-11-20 09:35:34',NULL,2,'cpp'),(149,7,12,158,'2015-08-08 09:39:01','2017-11-20 09:35:34',NULL,2,'cpp'),(150,7,12,159,'2015-08-08 09:45:02','2017-11-20 09:35:36',135195,1,'cpp'),(151,7,8,160,'2015-08-08 19:26:07','2017-11-20 09:35:35',NULL,2,'c'),(152,7,8,161,'2015-08-08 19:28:45','2017-11-20 09:35:35',NULL,2,'c'),(153,6,12,162,'2015-08-09 10:45:20','2017-11-20 09:35:36',NULL,2,'cpp'),(154,6,12,163,'2015-08-09 10:54:52','2017-11-20 09:35:36',136704,1,'cpp'),(155,3,12,164,'2015-08-09 11:16:24','2017-11-20 09:35:37',NULL,2,'cpp'),(156,3,12,165,'2015-08-09 11:40:35','2017-11-20 09:35:37',136750,1,'cpp'),(157,1,12,166,'2015-08-09 12:57:19','2017-11-20 09:35:37',NULL,2,'cpp'),(158,1,12,167,'2015-08-09 12:59:34','2017-11-20 09:35:37',136829,1,'cpp'),(159,8,12,168,'2015-08-09 13:54:19','2017-11-20 09:35:38',136884,1,'cpp'),(160,9,12,169,'2015-08-09 17:22:18','2017-11-20 09:35:38',NULL,2,'cpp'),(161,9,12,170,'2015-08-09 17:36:10','2017-11-20 09:35:39',NULL,2,'cpp'),(162,9,12,171,'2015-08-09 18:12:33','2017-11-20 09:35:39',NULL,2,'cpp'),(163,9,12,172,'2015-08-09 18:13:05','2017-11-20 09:35:39',NULL,2,'cpp'),(164,10,12,173,'2015-08-09 20:21:48','2017-11-20 09:35:39',137271,1,'cpp'),(165,7,15,174,'2015-08-09 20:49:21','2017-11-20 09:35:40',NULL,2,'java'),(166,11,12,175,'2015-08-09 21:03:59','2017-11-20 09:35:40',NULL,2,'cpp'),(167,11,12,176,'2015-08-09 21:11:43','2017-11-20 09:35:40',137321,1,'cpp'),(168,12,12,177,'2015-08-09 21:16:14','2017-11-20 09:35:40',137326,1,'cpp'),(169,9,12,178,'2015-08-09 21:32:23','2017-11-20 09:35:41',NULL,2,'cpp'),(170,9,12,179,'2015-08-10 10:27:30','2017-11-20 09:35:41',NULL,2,'cpp'),(171,9,12,180,'2015-08-10 11:16:25','2017-11-20 09:35:42',138166,1,'cpp'),(172,9,23,181,'2015-08-10 18:27:36','2017-11-20 09:35:42',NULL,4,'cpp'),(173,9,23,182,'2015-08-10 18:30:29','2017-11-20 09:35:42',NULL,4,'cpp'),(174,7,15,183,'2015-08-10 20:15:36','2017-11-20 09:35:42',NULL,2,'java'),(175,17,23,184,'2015-08-10 21:33:49','2017-11-20 09:35:42',NULL,4,'c'),(176,17,23,185,'2015-08-10 21:34:04','2017-11-20 09:35:43',NULL,4,'cpp'),(177,17,23,186,'2015-08-10 21:34:15','2017-11-20 09:35:42',NULL,4,'cpp'),(178,17,23,187,'2015-08-10 21:34:27','2017-11-20 09:35:43',NULL,4,'java'),(179,18,23,188,'2015-08-10 21:34:57','2017-11-20 09:35:43',NULL,4,'c'),(180,18,23,189,'2015-08-10 21:35:07','2017-11-20 09:35:43',NULL,4,'java'),(181,18,23,190,'2015-08-10 21:35:18','2017-11-20 09:35:44',NULL,4,'cpp'),(182,18,23,191,'2015-08-10 21:35:35','2017-11-20 09:35:44',NULL,4,'cpp'),(183,19,23,192,'2015-08-10 21:35:46','2017-11-20 09:35:44',NULL,4,'c'),(184,19,23,193,'2015-08-10 21:35:56','2017-11-20 09:35:45',NULL,4,'java'),(185,19,23,194,'2015-08-10 21:36:05','2017-11-20 09:35:45',NULL,4,'cpp'),(186,20,23,195,'2015-08-10 21:36:20','2017-11-20 09:35:46',NULL,4,'c'),(187,20,23,196,'2015-08-10 21:36:29','2017-11-20 09:35:46',NULL,4,'java'),(188,20,23,197,'2015-08-10 21:36:40','2017-11-20 09:35:46',NULL,4,'cpp'),(189,20,23,198,'2015-08-10 21:36:50','2017-11-20 09:35:46',NULL,4,'cpp'),(190,20,23,199,'2015-08-10 21:36:59','2017-11-20 09:35:47',NULL,4,'cpp'),(191,21,23,200,'2015-08-10 21:37:14','2017-11-20 09:35:47',NULL,4,'c'),(192,21,23,201,'2015-08-10 21:37:27','2017-11-20 09:35:47',NULL,4,'cpp'),(193,21,23,202,'2015-08-10 21:37:36','2017-11-20 09:35:47',NULL,4,'cpp'),(194,21,23,203,'2015-08-10 21:37:45','2017-11-20 09:35:48',NULL,4,'cpp'),(195,22,23,204,'2015-08-10 21:38:00','2017-11-20 09:35:49',NULL,4,'c'),(196,22,23,205,'2015-08-10 21:38:13','2017-11-20 09:35:49',NULL,4,'cpp'),(197,22,23,206,'2015-08-10 21:38:23','2017-11-20 09:35:49',NULL,4,'cpp'),(198,22,23,207,'2015-08-10 21:38:33','2017-11-20 09:35:49',NULL,4,'cpp'),(199,22,23,208,'2015-08-10 21:38:46','2017-11-20 09:35:49',NULL,4,'cpp'),(200,23,23,209,'2015-08-10 21:38:59','2017-11-20 09:35:50',NULL,4,'c'),(201,23,23,210,'2015-08-10 21:39:09','2017-11-20 09:36:16',NULL,4,'java'),(202,23,23,211,'2015-08-10 21:39:20','2017-11-20 09:36:16',NULL,4,'cpp'),(203,23,23,212,'2015-08-10 21:39:30','2017-11-20 09:36:17',NULL,4,'java'),(204,24,23,213,'2015-08-10 21:39:42','2017-11-20 09:36:17',NULL,4,'c'),(205,24,23,214,'2015-08-10 21:39:52','2017-11-20 09:36:17',NULL,4,'java'),(206,24,23,215,'2015-08-10 21:40:03','2017-11-20 09:36:18',NULL,4,'cpp'),(207,24,23,216,'2015-08-10 21:40:14','2017-11-20 09:36:18',NULL,4,'cpp'),(208,25,23,217,'2015-08-10 21:40:27','2017-11-20 09:36:18',NULL,4,'c'),(209,25,23,218,'2015-08-10 21:40:39','2017-11-20 09:36:19',NULL,4,'cpp'),(210,25,23,219,'2015-08-10 21:40:50','2017-11-20 09:36:19',NULL,4,'java'),(211,26,23,220,'2015-08-10 21:41:04','2017-11-20 09:36:20',NULL,4,'c'),(212,26,23,221,'2015-08-10 21:41:15','2017-11-20 09:36:20',NULL,4,'java'),(213,26,23,222,'2015-08-10 21:41:26','2017-11-20 09:36:20',NULL,4,'cpp'),(214,16,23,223,'2015-08-10 21:41:39','2017-11-20 09:36:21',NULL,4,'cpp'),(215,26,23,224,'2015-08-10 21:41:50','2017-11-20 09:36:21',NULL,4,'cpp'),(216,14,12,225,'2015-08-11 09:14:40','2017-11-20 09:36:21',NULL,2,'cpp'),(217,14,12,226,'2015-08-11 09:46:09','2017-11-20 09:36:22',NULL,2,'cpp'),(218,14,12,227,'2015-08-11 10:03:24','2017-11-20 09:36:22',139533,1,'cpp'),(219,15,12,228,'2015-08-11 12:03:09','2017-11-20 09:36:22',NULL,2,'cpp'),(220,15,12,229,'2015-08-11 12:24:20','2017-11-20 09:36:23',139674,1,'cpp'),(221,16,12,230,'2015-08-11 14:18:48','2017-11-20 09:36:23',139788,1,'cpp'),(222,18,8,231,'2015-08-12 14:05:59','2017-11-20 09:36:24',141215,1,'c'),(223,7,17,232,'2015-08-14 14:53:35','2017-11-20 09:36:24',NULL,2,'java'),(224,18,9,233,'2015-08-24 16:57:04','2017-11-20 09:36:24',NULL,2,'java'),(225,3,9,234,'2015-08-24 17:29:49','2017-11-20 09:36:25',158699,1,'java'),(226,18,9,235,'2015-08-24 17:42:48','2017-11-20 09:36:25',NULL,2,'java'),(227,12,9,236,'2015-08-24 17:57:10','2017-11-20 09:36:25',158727,1,'java'),(228,3,20,237,'2015-08-25 14:39:49','2017-11-20 09:36:26',NULL,2,'java'),(229,3,20,238,'2015-08-25 14:41:34','2017-11-20 09:36:26',NULL,2,'java'),(230,3,20,239,'2015-08-25 14:46:12','2017-11-20 09:36:27',NULL,2,'java'),(231,3,20,240,'2015-08-25 14:46:40','2017-11-20 09:36:27',NULL,2,'java'),(232,3,20,241,'2015-08-25 15:24:04','2017-11-20 09:36:27',NULL,2,'java'),(233,3,20,242,'2015-08-25 15:27:07','2017-11-20 09:36:28',NULL,2,'java'),(234,18,12,243,'2015-08-25 20:24:35','2017-11-20 09:36:28',NULL,2,'cpp'),(235,18,12,244,'2015-08-25 20:26:07','2017-11-20 09:36:28',NULL,2,'cpp'),(236,18,12,245,'2015-08-25 20:30:03','2017-11-20 09:36:29',NULL,2,'cpp'),(237,18,12,246,'2015-08-25 20:31:34','2017-11-20 09:36:29',160321,1,'cpp'),(238,22,12,247,'2015-08-25 20:45:30','2017-11-20 09:36:44',NULL,2,'cpp'),(239,22,12,248,'2015-08-25 20:49:00','2017-11-20 09:36:48',160339,1,'cpp'),(240,19,12,249,'2015-08-25 21:06:21','2017-11-20 09:36:49',NULL,2,'cpp'),(241,19,12,250,'2015-08-25 21:09:38','2017-11-20 09:36:43',NULL,2,'cpp'),(242,19,12,251,'2015-08-25 21:17:34','2017-11-20 09:36:45',160367,1,'cpp'),(243,21,12,252,'2015-08-25 21:39:46','2017-11-20 09:36:43',NULL,2,'cpp'),(244,21,12,253,'2015-08-25 21:44:09','2017-11-20 09:36:43',NULL,2,'cpp'),(245,21,12,254,'2015-08-25 21:47:13','2017-11-20 09:36:44',NULL,2,'cpp'),(246,21,12,255,'2015-08-25 21:59:49','2017-11-20 09:36:45',160409,1,'cpp'),(247,3,20,256,'2015-08-26 19:57:19','2017-11-20 09:36:45',NULL,2,'java'),(248,17,12,257,'2015-08-26 20:26:14','2017-11-20 09:36:46',161756,1,'cpp'),(249,20,12,258,'2015-08-26 20:44:02','2017-11-20 09:36:46',NULL,2,'cpp'),(250,20,12,259,'2015-08-26 20:52:50','2017-11-20 09:36:46',NULL,2,'cpp'),(251,20,12,260,'2015-08-26 21:08:05','2017-11-20 09:36:47',NULL,2,'cpp'),(252,12,8,261,'2015-08-27 09:47:08','2017-11-20 09:36:47',NULL,2,'c'),(253,12,8,262,'2015-08-27 10:04:18','2017-11-20 09:36:47',NULL,2,'c'),(254,12,8,263,'2015-08-27 14:11:00','2017-11-20 09:36:48',NULL,2,'cpp'),(255,23,12,264,'2015-08-27 17:38:44','2017-11-20 09:36:49',163028,1,'cpp'),(256,24,12,265,'2015-08-27 20:58:56','2017-11-20 09:36:49',NULL,2,'cpp'),(257,24,12,266,'2015-08-27 21:25:49','2017-11-20 09:36:49',NULL,2,'cpp'),(258,24,12,267,'2015-08-27 21:33:55','2017-11-20 09:36:50',163263,1,'cpp'),(259,12,8,268,'2015-08-28 06:45:23','2017-11-20 09:36:50',163815,1,'c'),(260,25,12,269,'2015-08-28 16:27:26','2017-11-20 09:36:50',NULL,2,'cpp'),(261,15,12,270,'2015-08-28 16:30:12','2017-11-20 09:36:50',NULL,3,'cpp'),(262,25,12,271,'2015-08-28 16:30:38','2017-11-20 09:36:51',NULL,2,'cpp'),(263,25,12,272,'2015-08-28 16:44:00','2017-11-20 09:36:51',164414,1,'cpp'),(264,26,12,273,'2015-08-28 16:44:16','2017-11-20 09:36:52',164414,1,'cpp'),(265,5,12,274,'2015-08-28 16:57:44','2017-11-20 09:36:52',164427,1,'cpp'),(266,2,12,275,'2015-08-28 21:43:21','2017-11-20 09:36:52',NULL,2,'cpp'),(267,2,12,276,'2015-08-28 21:49:37','2017-11-20 09:36:52',164719,1,'cpp'),(268,20,12,277,'2015-08-29 18:56:23','2017-11-20 09:36:53',165986,1,'cpp'),(269,27,53,278,'2015-08-29 22:36:04','2017-11-20 09:37:25',NULL,4,'cpp'),(270,27,53,279,'2015-08-29 22:36:15','2017-11-20 09:37:26',NULL,4,'cpp'),(271,27,53,280,'2015-08-29 22:36:26','2017-11-20 09:37:26',NULL,4,'cpp'),(272,27,53,281,'2015-08-29 22:36:40','2017-11-20 09:37:26',NULL,4,'cpp'),(273,27,53,282,'2015-08-29 22:38:24','2017-11-20 09:37:27',NULL,4,'java'),(274,27,53,283,'2015-08-29 22:38:35','2017-11-20 09:37:31',NULL,4,'java'),(275,28,53,284,'2015-08-29 22:42:47','2017-11-20 09:37:36',NULL,4,'java'),(276,28,53,285,'2015-08-29 22:42:58','2017-11-20 09:37:40',NULL,4,'java'),(277,28,53,286,'2015-08-29 22:43:09','2017-11-20 09:37:46',NULL,4,'java'),(278,28,53,287,'2015-08-29 22:43:19','2017-11-20 09:37:49',NULL,4,'java'),(279,28,53,288,'2015-08-29 22:43:29','2017-11-20 09:37:49',NULL,4,'cpp'),(280,28,53,289,'2015-08-29 22:43:40','2017-11-20 09:37:56',NULL,4,'cpp'),(281,28,53,290,'2015-08-29 22:43:50','2017-11-20 09:37:58',NULL,4,'cpp'),(282,29,53,299,'2015-08-29 23:16:53','2017-11-20 09:37:57',NULL,4,'java'),(283,29,53,300,'2015-08-29 23:16:53','2017-11-20 09:37:58',NULL,4,'java'),(284,29,53,301,'2015-08-29 23:16:53','2017-11-20 09:37:59',NULL,4,'java'),(285,29,53,302,'2015-08-29 23:16:53','2017-11-20 09:37:59',NULL,4,'java'),(286,29,53,303,'2015-08-29 23:16:53','2017-11-20 09:38:01',NULL,4,'cpp'),(287,29,53,304,'2015-08-29 23:16:53','2017-11-20 09:38:01',NULL,4,'cpp'),(288,29,53,305,'2015-08-29 23:16:53','2017-11-20 09:38:02',NULL,4,'cpp'),(289,29,53,306,'2015-08-29 23:16:53','2017-11-20 09:38:02',NULL,4,'cpp'),(290,30,53,307,'2015-08-29 23:17:32','2017-11-20 09:38:03',NULL,4,'java'),(291,30,53,308,'2015-08-29 23:17:32','2017-11-20 09:38:04',NULL,4,'java'),(292,30,53,309,'2015-08-29 23:17:32','2017-11-20 09:38:04',NULL,4,'cpp'),(293,30,53,310,'2015-08-29 23:17:32','2017-11-20 09:38:07',NULL,4,'cpp'),(294,30,53,311,'2015-08-29 23:17:32','2017-11-20 09:38:10',NULL,4,'cpp'),(295,30,53,312,'2015-08-29 23:17:32','2017-12-02 20:50:52',NULL,4,'cpp'),(296,31,53,313,'2015-08-29 23:17:40','2017-12-02 20:50:54',NULL,4,'java'),(297,31,53,314,'2015-08-29 23:17:40','2017-12-02 20:50:31',NULL,4,'java'),(298,31,53,315,'2015-08-29 23:17:40','2017-12-02 20:50:29',NULL,4,'cpp'),(299,31,53,316,'2015-08-29 23:17:40','2017-12-02 20:50:31',NULL,4,'cpp'),(300,31,53,317,'2015-08-29 23:17:40','2017-12-02 20:50:40',NULL,4,'cpp'),(301,32,53,318,'2015-08-29 23:17:50','2017-12-02 20:51:12',NULL,4,'java'),(302,32,53,319,'2015-08-29 23:17:50','2017-12-02 20:51:12',NULL,4,'java'),(303,32,53,320,'2015-08-29 23:17:50','2017-12-02 20:51:13',NULL,4,'java'),(304,32,53,321,'2015-08-29 23:17:50','2017-12-02 20:51:13',NULL,4,'cpp'),(305,32,53,322,'2015-08-29 23:17:50','2017-12-02 20:51:14',NULL,4,'cpp'),(306,32,53,323,'2015-08-29 23:17:50','2017-12-02 20:51:14',NULL,4,'cpp'),(307,33,53,324,'2015-08-29 23:18:03','2017-12-02 20:51:15',NULL,4,'java'),(308,33,53,325,'2015-08-29 23:18:03','2017-12-02 20:51:15',NULL,4,'java'),(309,33,53,326,'2015-08-29 23:18:03','2017-12-02 20:51:16',NULL,4,'cpp'),(310,33,53,327,'2015-08-29 23:18:03','2017-12-02 20:51:16',NULL,4,'cpp'),(311,33,53,328,'2015-08-29 23:18:03','2017-12-02 20:51:16',NULL,4,'c'),(312,33,53,329,'2015-08-29 23:18:03','2017-12-02 20:51:16',NULL,4,'c'),(313,33,53,330,'2015-08-29 23:18:03','2017-12-02 20:51:16',NULL,4,'cpp'),(314,33,53,331,'2015-08-29 23:18:03','2017-12-02 20:51:17',NULL,4,'cpp'),(315,34,53,332,'2015-08-29 23:18:11','2017-12-02 20:51:17',NULL,4,'java'),(316,34,53,333,'2015-08-29 23:18:11','2017-12-02 20:51:17',NULL,4,'cpp'),(317,34,53,334,'2015-08-29 23:18:11','2017-12-02 20:51:18',NULL,4,'c'),(318,35,53,335,'2015-08-29 23:18:19','2017-12-02 20:51:18',NULL,4,'java'),(319,35,53,336,'2015-08-29 23:18:19','2017-12-02 20:51:18',NULL,4,'cpp'),(320,35,53,337,'2015-08-29 23:18:19','2017-12-02 20:51:19',NULL,4,'cpp'),(321,35,53,338,'2015-08-29 23:18:19','2017-12-02 20:51:19',NULL,4,'cpp'),(322,35,53,339,'2015-08-29 23:18:19','2017-12-02 20:51:19',NULL,4,'cpp'),(323,36,53,340,'2015-08-29 23:18:27','2017-12-02 20:51:20',NULL,4,'java'),(324,36,53,341,'2015-08-29 23:18:27','2017-12-02 20:51:20',NULL,4,'java'),(325,36,53,342,'2015-08-29 23:18:27','2017-12-02 20:51:21',NULL,4,'java'),(326,36,53,343,'2015-08-29 23:18:27','2017-12-02 20:51:22',NULL,4,'java'),(327,36,53,344,'2015-08-29 23:18:27','2017-12-02 20:51:23',NULL,4,'cpp'),(328,36,53,345,'2015-08-29 23:18:27','2017-12-02 20:51:24',NULL,4,'cpp'),(329,36,53,346,'2015-08-29 23:18:27','2017-12-02 20:51:24',NULL,4,'cpp'),(330,36,53,347,'2015-08-29 23:18:27','2017-12-02 20:51:25',NULL,4,'cpp'),(331,36,53,348,'2015-08-29 23:18:27','2017-12-02 20:51:26',NULL,4,'cpp'),(332,36,53,349,'2015-08-29 23:18:27','2017-12-02 20:51:27',NULL,4,'cpp'),(333,36,53,350,'2015-08-29 23:18:27','2017-12-02 20:51:28',NULL,4,'cpp'),(334,36,53,351,'2015-08-29 23:18:27','2017-12-02 20:51:48',NULL,4,'cpp'),(335,36,53,352,'2015-08-29 23:18:27','2017-12-02 20:51:45',NULL,4,'cpp'),(336,36,53,353,'2015-08-29 23:18:27','2017-12-02 20:51:47',NULL,4,'cpp'),(337,36,53,354,'2015-08-29 23:18:27','2017-12-02 20:51:50',NULL,4,'cpp'),(338,36,53,355,'2015-08-29 23:18:27','2017-12-02 20:51:50',NULL,4,'cpp'),(339,37,53,356,'2015-08-29 23:18:33','2017-12-02 20:51:51',NULL,4,'java'),(340,37,53,357,'2015-08-29 23:18:33','2017-12-02 20:51:52',NULL,4,'cpp'),(341,37,53,358,'2015-08-29 23:18:33','2017-12-02 20:51:54',NULL,4,'cpp'),(342,37,53,359,'2015-08-29 23:18:33','2017-12-02 20:51:55',NULL,4,'cpp'),(343,37,53,360,'2015-08-29 23:18:33','2017-12-02 20:51:56',NULL,4,'cpp'),(344,37,53,361,'2015-08-29 23:18:33','2017-12-02 20:51:57',NULL,4,'cpp'),(345,37,53,362,'2015-08-29 23:18:33','2017-12-02 20:51:58',NULL,4,'cpp'),(346,38,53,363,'2015-08-29 23:34:13','2017-12-02 20:51:59',NULL,4,'cpp'),(347,38,53,364,'2015-08-29 23:34:13','2017-12-02 20:52:01',NULL,4,'cpp'),(348,38,53,365,'2015-08-29 23:34:13','2017-12-02 20:52:02',NULL,4,'cpp'),(349,38,53,366,'2015-08-29 23:34:13','2017-12-02 20:52:03',NULL,4,'java'),(350,38,53,367,'2015-08-29 23:34:13','2017-12-02 20:52:04',NULL,4,'cpp'),(351,38,53,368,'2015-08-29 23:34:13','2017-12-02 20:52:05',NULL,4,'cpp'),(352,38,53,369,'2015-08-29 23:34:13','2017-12-02 20:52:06',NULL,4,'cpp'),(353,38,53,370,'2015-08-29 23:34:13','2017-12-02 20:52:07',NULL,4,'cpp'),(354,39,53,371,'2015-08-29 23:35:30','2017-12-02 20:52:08',NULL,4,'cpp'),(355,39,53,372,'2015-08-29 23:35:30','2017-12-02 20:52:10',NULL,4,'cpp'),(356,39,53,373,'2015-08-29 23:35:30','2017-12-02 20:52:10',NULL,4,'cpp'),(357,39,53,374,'2015-08-29 23:35:30','2017-12-02 20:52:11',NULL,4,'cpp'),(358,40,53,375,'2015-08-29 23:35:31','2017-12-02 20:52:13',NULL,4,'cpp'),(359,40,53,376,'2015-08-29 23:35:31','2017-12-02 20:52:14',NULL,4,'cpp'),(360,40,53,377,'2015-08-29 23:35:31','2017-12-02 20:52:15',NULL,4,'cpp'),(361,40,53,378,'2015-08-29 23:35:31','2017-12-02 20:52:16',NULL,4,'cpp'),(362,40,53,379,'2015-08-29 23:35:31','2017-12-02 20:52:17',NULL,4,'cpp'),(363,40,53,380,'2015-08-29 23:35:31','2017-12-02 20:52:19',NULL,4,'cpp'),(364,41,53,381,'2015-08-29 23:35:31','2017-12-02 20:52:19',NULL,4,'java'),(365,41,53,382,'2015-08-29 23:35:31','2017-12-02 20:52:20',NULL,4,'cpp'),(366,41,53,383,'2015-08-29 23:35:31','2017-12-02 20:52:22',NULL,4,'cpp'),(367,41,53,384,'2015-08-29 23:35:31','2017-12-02 20:52:22',NULL,4,'cpp'),(368,42,53,385,'2015-08-29 23:35:31','2017-12-02 20:52:23',NULL,4,'java'),(369,42,53,386,'2015-08-29 23:35:31','2017-12-02 20:52:25',NULL,4,'cpp'),(370,43,53,387,'2015-08-29 23:35:31','2017-12-02 20:52:26',NULL,4,'java'),(371,43,53,388,'2015-08-29 23:35:31','2017-12-02 20:52:27',NULL,4,'cpp'),(372,43,53,389,'2015-08-29 23:35:31','2017-12-02 20:52:28',NULL,4,'cpp'),(373,43,53,390,'2015-08-29 23:35:31','2017-12-02 20:52:29',NULL,4,'cpp'),(374,44,53,391,'2015-08-29 23:35:31','2017-12-02 20:52:30',NULL,4,'cpp'),(375,44,53,392,'2015-08-29 23:35:31','2017-12-02 20:52:32',NULL,4,'cpp'),(376,44,53,393,'2015-08-29 23:35:31','2017-12-02 20:52:32',NULL,4,'cpp'),(377,44,53,394,'2015-08-29 23:35:31','2017-12-02 20:52:33',NULL,4,'cpp'),(378,44,53,395,'2015-08-29 23:35:31','2017-12-02 20:52:35',NULL,4,'cpp'),(379,44,53,396,'2015-08-29 23:35:31','2017-12-02 20:52:35',NULL,4,'cpp'),(380,45,53,397,'2015-08-29 23:35:32','2017-12-02 20:52:37',NULL,4,'cpp'),(381,45,53,398,'2015-08-29 23:35:32','2017-12-02 20:52:38',NULL,4,'cpp'),(382,45,53,399,'2015-08-29 23:35:32','2017-12-02 20:52:39',NULL,4,'cpp'),(383,45,53,400,'2015-08-29 23:35:32','2017-12-02 20:52:39',NULL,4,'cpp'),(385,45,53,401,'2015-08-29 23:35:32','2017-12-02 20:52:40',NULL,4,'cpp'),(386,46,53,402,'2015-08-29 23:35:32','2017-12-02 20:52:40',NULL,4,'java'),(387,46,53,403,'2015-08-29 23:35:32','2017-12-02 20:52:41',NULL,4,'cpp'),(388,46,53,404,'2015-08-29 23:35:32','2017-12-02 20:52:41',NULL,4,'cpp'),(389,46,53,405,'2015-08-29 23:35:32','2017-12-02 20:52:41',NULL,4,'cpp'),(390,47,53,406,'2015-08-29 23:35:32','2017-12-02 20:52:41',NULL,4,'cpp'),(391,47,53,407,'2015-08-29 23:35:32','2017-12-02 20:52:42',NULL,4,'cpp'),(392,47,53,408,'2015-08-29 23:35:32','2017-12-02 20:52:42',NULL,4,'java'),(393,47,53,409,'2015-08-29 23:35:32','2017-12-02 20:52:43',NULL,4,'cpp'),(394,47,53,410,'2015-08-29 23:35:32','2017-12-02 20:52:43',NULL,4,'cpp'),(395,47,53,411,'2015-08-29 23:35:32','2017-12-02 20:52:44',NULL,4,'cpp'),(396,48,53,412,'2015-08-29 23:52:30','2017-12-02 20:52:45',NULL,4,'c'),(397,48,53,413,'2015-08-29 23:52:30','2017-12-02 20:52:45',NULL,4,'java'),(398,48,53,414,'2015-08-29 23:52:30','2017-12-02 20:52:46',NULL,4,'cpp'),(399,48,53,415,'2015-08-29 23:52:30','2017-12-02 20:52:46',NULL,4,'cpp'),(400,48,53,416,'2015-08-29 23:52:30','2017-12-02 20:52:46',NULL,4,'cpp'),(401,49,53,417,'2015-08-29 23:52:30','2017-12-02 20:52:47',NULL,4,'java'),(402,49,53,418,'2015-08-29 23:52:30','2017-12-02 20:53:06',NULL,4,'cpp'),(404,49,53,419,'2015-08-29 23:52:30','2017-12-02 20:53:06',NULL,4,'cpp'),(405,49,53,420,'2015-08-29 23:52:30','2017-12-02 20:53:07',NULL,4,'cpp'),(406,50,53,421,'2015-08-29 23:52:30','2017-12-02 20:53:07',NULL,4,'java'),(407,50,53,422,'2015-08-29 23:52:30','2017-12-02 20:53:07',NULL,4,'java'),(408,50,53,423,'2015-08-29 23:52:30','2017-12-02 20:53:07',NULL,4,'cpp'),(409,51,53,424,'2015-08-29 23:52:30','2017-12-02 20:53:08',NULL,4,'java'),(410,51,53,425,'2015-08-29 23:52:30','2017-12-02 20:53:08',NULL,4,'c'),(411,51,53,426,'2015-08-29 23:52:30','2017-12-02 20:53:08',NULL,4,'cpp'),(412,51,53,427,'2015-08-29 23:52:30','2017-12-02 20:53:08',NULL,4,'cpp'),(413,52,53,428,'2015-08-29 23:52:30','2017-12-02 20:53:09',NULL,4,'java'),(414,52,53,429,'2015-08-29 23:52:30','2017-12-02 20:53:09',NULL,4,'c'),(415,52,53,430,'2015-08-29 23:52:30','2017-12-02 20:53:09',NULL,4,'cpp'),(416,52,53,431,'2015-08-29 23:52:30','2017-12-02 20:53:09',NULL,4,'cpp'),(417,53,53,432,'2015-08-29 23:52:30','2017-12-02 20:53:09',NULL,4,'java'),(418,53,53,433,'2015-08-29 23:52:30','2017-12-02 20:53:10',NULL,4,'c'),(419,53,53,434,'2015-08-29 23:52:30','2017-12-02 20:53:10',NULL,4,'cpp'),(420,54,53,435,'2015-08-29 23:52:30','2017-12-02 20:53:10',NULL,4,'java'),(421,54,53,436,'2015-08-29 23:52:30','2017-12-02 20:53:10',NULL,4,'java'),(422,54,53,437,'2015-08-29 23:52:30','2017-12-02 20:53:10',NULL,4,'c'),(423,54,53,438,'2015-08-29 23:52:30','2017-12-02 20:53:10',NULL,4,'cpp'),(424,54,53,439,'2015-08-29 23:52:30','2017-12-02 20:53:11',NULL,4,'cpp'),(425,55,53,440,'2015-08-29 23:52:30','2017-12-02 20:53:11',NULL,4,'java'),(426,55,53,441,'2015-08-29 23:52:30','2017-12-02 20:53:11',NULL,4,'c'),(427,55,53,442,'2015-08-29 23:52:30','2017-12-02 20:53:11',NULL,4,'cpp'),(428,56,53,443,'2015-08-29 23:52:30','2017-12-02 20:53:11',NULL,4,'java'),(429,56,53,444,'2015-08-29 23:52:30','2017-12-02 20:53:11',NULL,4,'c'),(430,56,53,445,'2015-08-29 23:52:30','2017-12-02 20:53:11',NULL,4,'cpp'),(431,57,53,446,'2015-08-29 23:52:30','2017-12-02 20:53:12',NULL,4,'java'),(432,57,53,447,'2015-08-29 23:52:30','2017-12-02 20:53:12',NULL,4,'cpp'),(433,57,53,448,'2015-08-29 23:52:31','2017-12-02 20:53:12',NULL,4,'cpp'),(434,57,53,449,'2015-08-29 23:52:31','2017-12-02 20:53:12',NULL,4,'cpp'),(435,6,7,450,'2015-08-30 11:35:18','2017-12-02 20:53:12',NULL,2,'java'),(436,3,7,451,'2015-08-30 11:39:26','2017-12-02 20:53:12',NULL,2,'java'),(437,3,7,452,'2015-08-30 12:15:37','2017-12-02 20:53:13',167025,1,'java'),(438,29,23,453,'2015-08-31 21:01:47','2017-12-02 20:53:13',NULL,4,'cpp'),(439,50,23,454,'2015-08-31 21:38:08','2017-12-02 20:53:13',NULL,4,'cpp'),(440,18,7,455,'2015-09-01 08:55:17','2017-12-02 20:53:13',169705,1,'java'),(441,3,20,456,'2015-09-01 09:49:25','2017-12-02 20:53:14',NULL,2,'java'),(442,3,20,457,'2015-09-01 09:55:11','2017-12-02 20:53:14',NULL,2,'java'),(443,3,20,458,'2015-09-01 09:59:52','2017-12-02 20:53:14',169769,1,'java'),(444,50,23,459,'2015-09-01 10:13:06','2017-12-02 20:53:15',NULL,4,'cpp'),(445,50,23,460,'2015-09-01 10:15:29','2017-12-02 20:53:15',NULL,4,'cpp'),(446,48,12,461,'2015-09-01 12:47:22','2017-12-02 20:53:15',169937,1,'cpp'),(447,43,9,462,'2015-09-01 18:04:08','2017-12-02 20:53:16',170254,1,'java'),(448,29,12,463,'2015-09-01 18:10:48','2017-12-02 20:53:16',170260,1,'cpp'),(449,48,9,464,'2015-09-01 18:21:33','2017-12-02 20:53:16',170271,1,'java'),(450,50,12,465,'2015-09-01 19:56:01','2017-12-02 20:53:16',170366,1,'cpp'),(451,48,7,466,'2015-09-01 20:24:49','2017-12-02 20:53:17',170394,1,'java'),(452,43,22,467,'2015-09-02 07:19:01','2017-12-02 20:53:17',171049,1,'cpp'),(453,48,20,468,'2015-09-02 07:43:13','2017-12-02 20:53:17',171073,1,'java'),(454,48,22,469,'2015-09-02 10:28:20','2017-12-02 20:53:17',171238,1,'cpp'),(455,29,9,470,'2015-09-02 10:37:53','2017-12-02 20:53:17',171247,1,'java'),(456,11,9,471,'2015-09-02 19:37:31','2017-12-02 20:53:18',NULL,2,'java'),(457,58,53,493,'2015-09-03 12:20:52','2017-12-02 20:53:18',NULL,4,'cpp'),(458,58,53,494,'2015-09-03 12:20:53','2017-12-02 20:53:19',NULL,4,'java'),(459,58,53,495,'2015-09-03 12:20:53','2017-12-02 20:53:19',NULL,4,'java'),(460,58,53,496,'2015-09-03 12:20:53','2017-12-02 20:53:19',NULL,4,'java'),(461,58,53,497,'2015-09-03 12:20:53','2017-12-02 20:53:20',NULL,4,'cpp'),(462,59,53,498,'2015-09-03 12:20:53','2017-12-02 20:53:20',NULL,4,'java'),(463,59,53,499,'2015-09-03 12:20:53','2017-12-02 20:53:20',NULL,4,'cpp'),(464,60,53,500,'2015-09-03 12:20:53','2017-12-02 20:53:21',NULL,4,'cpp'),(465,60,53,501,'2015-09-03 12:20:53','2017-12-02 20:53:21',NULL,4,'java'),(466,61,53,502,'2015-09-03 12:20:53','2017-12-02 20:53:21',NULL,4,'java'),(467,61,53,503,'2015-09-03 12:20:53','2017-12-02 20:53:22',NULL,4,'c'),(468,62,53,504,'2015-09-03 12:20:53','2017-12-02 20:53:22',NULL,4,'java'),(469,62,53,505,'2015-09-03 12:20:53','2017-12-02 20:53:22',NULL,4,'cpp'),(470,62,53,506,'2015-09-03 12:20:53','2017-12-02 20:53:23',NULL,4,'cpp'),(471,63,53,507,'2015-09-03 12:20:53','2017-12-02 20:53:23',NULL,4,'java'),(472,63,53,508,'2015-09-03 12:20:53','2017-12-02 20:53:23',NULL,4,'cpp'),(473,64,53,509,'2015-09-03 12:20:53','2017-12-02 20:53:24',NULL,4,'cpp'),(474,64,53,510,'2015-09-03 12:20:53','2017-12-02 20:53:24',NULL,4,'java'),(475,64,53,511,'2015-09-03 12:20:53','2017-12-02 20:53:24',NULL,4,'cpp'),(476,65,53,512,'2015-09-03 12:20:53','2017-12-02 20:53:25',NULL,4,'java'),(477,65,53,513,'2015-09-03 12:20:53','2017-12-02 20:53:25',NULL,4,'cpp'),(478,11,16,514,'2015-09-03 12:59:05','2017-12-02 20:53:25',NULL,2,'java'),(479,11,16,515,'2015-09-03 13:00:45','2017-12-02 20:53:26',NULL,2,'java'),(480,3,10,516,'2015-09-04 07:25:12','2017-12-02 20:53:26',NULL,2,'java'),(481,3,10,517,'2015-09-04 07:28:47','2017-12-02 20:53:27',NULL,2,'java'),(482,48,21,518,'2015-09-05 08:33:25','2017-12-02 20:53:27',175443,1,'java'),(483,3,21,519,'2015-09-05 09:22:40','2017-12-02 20:53:27',NULL,2,'java'),(484,3,21,520,'2015-09-05 09:27:34','2017-12-02 20:53:28',NULL,2,'java'),(485,3,21,521,'2015-09-05 09:31:06','2017-12-02 20:53:28',NULL,2,'java'),(486,3,21,522,'2015-09-05 09:33:57','2017-12-02 20:53:28',175503,1,'java'),(487,18,21,523,'2015-09-05 10:09:49','2017-12-02 20:53:29',NULL,2,'java'),(488,18,21,524,'2015-09-05 10:26:34','2017-12-02 20:53:29',NULL,2,'java'),(489,18,21,525,'2015-09-05 10:28:41','2017-12-02 20:53:29',NULL,2,'java'),(490,18,21,526,'2015-09-05 11:21:45','2017-12-02 20:53:30',175611,1,'java'),(491,11,17,527,'2015-09-05 17:14:44','2017-12-02 20:53:30',NULL,2,'java'),(492,11,17,528,'2015-09-05 17:17:18','2017-12-02 20:53:31',NULL,2,'java'),(493,11,17,529,'2015-09-05 17:18:20','2017-12-02 20:53:31',NULL,2,'java'),(494,11,17,530,'2015-09-05 17:19:58','2017-12-02 20:53:31',175969,1,'java'),(495,3,14,531,'2015-09-05 19:06:45','2017-12-02 20:53:32',NULL,2,'java'),(496,3,14,532,'2015-09-05 19:11:21','2017-12-02 20:53:32',NULL,2,'java'),(497,3,14,533,'2015-09-05 19:20:16','2017-12-02 20:53:32',NULL,2,'java'),(498,3,14,534,'2015-09-05 19:31:06','2017-12-02 20:53:33',NULL,2,'java'),(499,3,14,535,'2015-09-05 20:11:16','2017-12-02 20:53:33',NULL,2,'java'),(500,3,14,536,'2015-09-05 20:37:24','2017-12-02 20:53:33',NULL,2,'java'),(501,2,17,537,'2015-09-05 20:48:58','2017-12-02 20:53:34',NULL,2,'java'),(502,2,17,538,'2015-09-05 20:49:40','2017-12-02 20:53:34',176179,1,'java'),(503,3,14,539,'2015-09-05 20:59:19','2017-12-02 20:53:49',NULL,2,'java'),(504,3,14,540,'2015-09-05 21:11:44','2017-12-02 20:53:50',NULL,2,'java'),(505,3,14,541,'2015-09-05 21:13:11','2017-12-02 20:53:50',NULL,2,'java'),(506,3,14,542,'2015-09-05 21:14:41','2017-12-02 20:53:51',NULL,2,'java'),(507,12,17,543,'2015-09-05 21:14:56','2017-12-02 20:53:51',176204,1,'java'),(508,3,17,544,'2015-09-05 23:19:24','2017-12-02 20:53:51',NULL,2,'java'),(509,3,17,545,'2015-09-05 23:20:15','2017-12-02 20:53:52',NULL,2,'java'),(510,3,17,546,'2015-09-05 23:23:53','2017-12-02 20:53:52',NULL,2,'java'),(511,3,17,547,'2015-09-05 23:51:23','2017-12-02 20:53:53',176361,1,'java'),(512,48,17,548,'2015-09-06 00:11:31','2017-12-02 20:53:53',176381,1,'java'),(513,12,21,549,'2015-09-06 08:44:18','2017-12-02 20:53:53',176894,1,'java'),(514,43,21,550,'2015-09-06 08:58:10','2017-12-02 20:53:54',176908,1,'java'),(515,12,20,551,'2015-09-06 09:35:02','2017-12-02 20:53:54',NULL,2,'java'),(516,12,20,552,'2015-09-06 09:38:14','2017-12-02 20:53:55',NULL,2,'java'),(517,12,20,553,'2015-09-06 09:49:14','2017-12-02 20:53:55',176959,1,'java'),(518,11,11,554,'2015-09-06 12:59:49','2017-12-02 20:53:56',177149,1,'java'),(519,3,14,555,'2015-09-06 13:28:13','2017-12-02 20:53:56',177178,1,'java'),(520,48,11,556,'2015-09-06 17:28:13','2017-12-02 20:53:56',177418,1,'java'),(521,66,23,557,'2015-09-06 17:48:31','2017-12-02 20:53:57',NULL,4,'cpp'),(522,66,23,558,'2015-09-06 17:48:49','2017-12-02 20:53:57',NULL,4,'java'),(523,67,23,559,'2015-09-06 18:34:03','2017-12-02 20:53:58',NULL,4,'cpp'),(524,68,23,560,'2015-09-06 18:35:58','2017-12-02 20:53:58',NULL,4,'cpp'),(525,68,23,561,'2015-09-06 18:36:09','2017-12-02 20:53:59',NULL,4,'java'),(526,67,23,562,'2015-09-06 18:52:02','2017-12-02 20:53:59',NULL,4,'cpp'),(527,68,23,563,'2015-09-06 18:52:51','2017-12-02 20:54:00',NULL,4,'cpp'),(528,61,7,564,'2015-09-07 07:57:25','2017-12-02 20:54:00',178287,1,'java'),(529,3,19,565,'2015-09-07 11:12:50','2017-12-02 20:54:10',178482,1,'java'),(530,18,10,566,'2015-09-07 13:55:08','2017-12-02 20:54:15',178645,1,'java'),(531,48,10,567,'2015-09-07 14:15:52','2017-12-02 20:54:09',178665,1,'java'),(532,43,10,568,'2015-09-07 14:38:09','2017-12-02 20:54:09',178688,1,'java'),(533,48,14,569,'2015-09-07 18:49:34','2017-12-02 20:54:11',178939,1,'java'),(534,48,18,570,'2015-09-07 20:22:21','2017-12-02 20:54:12',179032,1,'java'),(535,49,14,571,'2015-09-07 21:21:03','2017-12-02 20:54:13',NULL,2,'java'),(536,49,14,572,'2015-09-07 22:43:45','2017-12-02 20:54:13',NULL,2,'java'),(537,49,14,573,'2015-09-07 22:52:19','2017-12-02 20:54:14',NULL,2,'java'),(538,49,14,574,'2015-09-07 23:09:44','2017-12-02 20:54:16',NULL,2,'java'),(539,49,14,575,'2015-09-07 23:42:12','2017-12-02 20:54:16',NULL,2,'java'),(540,1,10,576,'2015-09-08 08:27:05','2017-12-02 20:54:17',179757,1,'java'),(541,12,10,577,'2015-09-08 08:50:42','2017-12-02 20:54:17',179780,1,'java'),(542,3,10,578,'2015-09-08 08:52:36','2017-12-02 20:54:17',179782,1,'java'),(543,31,10,579,'2015-09-08 09:26:56','2017-12-02 20:54:18',179816,1,'java'),(544,33,10,580,'2015-09-08 09:43:17','2017-12-02 20:54:19',179833,1,'java'),(545,6,13,581,'2015-09-08 09:44:08','2017-12-02 20:54:20',179834,1,'java'),(546,63,7,582,'2015-09-08 09:49:11','2017-12-02 20:54:21',179839,1,'java'),(547,3,13,583,'2015-09-08 10:22:58','2017-12-02 20:54:21',179872,1,'java'),(548,29,7,584,'2015-09-08 11:01:39','2017-12-02 20:54:22',NULL,2,'java'),(549,11,9,585,'2015-09-08 12:27:58','2017-12-02 20:54:22',NULL,2,'java'),(550,34,11,586,'2015-09-08 14:08:22','2017-12-02 20:54:24',180098,1,'java'),(551,33,17,587,'2015-09-08 14:12:58','2017-12-02 20:54:24',180102,1,'java'),(552,31,11,588,'2015-09-08 14:21:30','2017-12-02 20:54:25',180111,1,'java'),(553,20,24,589,'2015-09-08 14:25:34','2017-12-02 20:54:25',NULL,2,'java'),(554,20,24,590,'2015-09-08 14:27:50','2017-12-02 20:54:26',NULL,2,'java'),(555,20,24,591,'2015-09-08 14:30:20','2017-12-02 20:54:26',NULL,2,'java'),(556,3,24,592,'2015-09-08 14:37:26','2017-12-02 20:54:27',NULL,2,'java'),(557,3,24,593,'2015-09-08 14:45:09','2017-12-02 20:54:28',NULL,2,'java'),(558,33,11,594,'2015-09-08 14:45:18','2017-12-02 20:54:29',180135,1,'java'),(559,28,11,595,'2015-09-08 15:01:50','2017-12-02 20:54:29',180151,1,'java'),(560,3,24,596,'2015-09-08 15:05:51','2017-12-02 20:54:30',NULL,2,'java'),(561,28,17,597,'2015-09-08 15:50:36','2017-12-02 20:54:31',180200,1,'java'),(562,37,11,598,'2015-09-08 16:25:21','2017-12-02 20:54:31',NULL,2,'java'),(563,37,11,599,'2015-09-08 16:26:32','2017-12-02 20:54:32',180236,1,'java'),(564,32,17,600,'2015-09-08 16:35:19','2017-12-02 20:54:33',NULL,2,'java'),(565,12,18,601,'2015-09-08 16:40:45','2017-12-02 20:54:34',NULL,2,'java'),(566,12,18,602,'2015-09-08 16:42:13','2017-12-02 20:54:34',NULL,2,'java'),(567,32,17,603,'2015-09-08 16:44:56','2017-12-02 20:54:36',NULL,2,'java'),(568,12,18,604,'2015-09-08 16:45:18','2017-12-02 20:54:36',180255,1,'java'),(569,38,12,605,'2015-09-08 16:52:58','2017-12-02 20:54:37',180262,1,'cpp'),(570,39,12,606,'2015-09-08 16:53:33','2017-12-02 20:54:37',NULL,2,'cpp'),(571,39,12,607,'2015-09-08 16:54:07','2017-12-02 20:54:38',180264,1,'cpp'),(572,41,12,608,'2015-09-08 16:54:28','2017-12-02 20:54:39',180264,1,'cpp'),(573,43,12,609,'2015-09-08 16:54:37','2017-12-02 20:54:40',180264,1,'cpp'),(574,47,12,610,'2015-09-08 16:55:12','2017-12-02 20:54:40',180265,1,'cpp'),(575,38,12,611,'2015-09-08 16:57:11','2017-12-02 20:54:41',NULL,3,'cpp'),(576,27,12,612,'2015-09-08 16:57:26','2017-12-02 20:54:42',NULL,2,'cpp'),(577,28,12,613,'2015-09-08 16:58:21','2017-12-02 20:54:43',NULL,2,'cpp'),(578,28,12,614,'2015-09-08 17:02:16','2017-12-02 20:54:43',NULL,2,'cpp'),(579,28,12,615,'2015-09-08 17:05:10','2017-12-02 20:54:45',180275,1,'cpp'),(580,41,12,616,'2015-09-08 17:05:43','2017-12-02 20:54:45',NULL,3,'cpp'),(581,30,12,617,'2015-09-08 17:06:02','2017-12-02 20:54:45',180276,1,'cpp'),(582,31,12,618,'2015-09-08 17:06:37','2017-12-02 20:54:46',180276,1,'cpp'),(583,32,12,619,'2015-09-08 17:07:18','2017-12-02 20:54:47',NULL,2,'cpp'),(584,35,11,620,'2015-09-08 17:07:35','2017-12-02 20:54:48',NULL,2,'java'),(585,33,12,621,'2015-09-08 17:08:33','2017-12-02 20:54:48',180278,1,'cpp'),(586,35,11,622,'2015-09-08 17:08:49','2017-12-02 20:54:49',NULL,2,'java'),(587,34,12,623,'2015-09-08 17:09:02','2017-12-02 20:54:50',180279,1,'cpp'),(588,35,12,624,'2015-09-08 17:09:38','2017-12-02 20:54:51',180279,1,'cpp'),(589,36,12,625,'2015-09-08 17:10:24','2017-12-02 20:54:51',NULL,2,'cpp'),(590,37,12,626,'2015-09-08 17:11:08','2017-12-02 20:54:52',180281,1,'cpp'),(591,3,18,627,'2015-09-08 17:11:35','2017-12-02 20:54:53',NULL,2,'java'),(592,3,18,628,'2015-09-08 17:13:47','2017-12-02 20:54:53',NULL,2,'java'),(593,35,11,629,'2015-09-08 17:14:21','2017-12-02 20:54:54',NULL,2,'java'),(594,32,12,630,'2015-09-08 17:18:45','2017-12-02 20:54:55',180288,1,'cpp'),(595,35,11,631,'2015-09-08 17:19:07','2017-12-02 20:54:56',NULL,2,'java'),(596,3,18,632,'2015-09-08 17:20:11','2017-12-02 20:54:57',NULL,2,'java'),(597,3,18,633,'2015-09-08 17:21:42','2017-12-02 20:54:59',NULL,2,'java'),(598,3,18,634,'2015-09-08 17:24:37','2017-12-02 20:55:01',NULL,2,'java'),(599,35,11,635,'2015-09-08 17:27:27','2017-12-02 20:55:05',NULL,2,'java'),(600,35,11,636,'2015-09-08 17:34:53','2017-12-02 20:55:06',NULL,2,'java'),(601,3,18,637,'2015-09-08 17:40:08','2017-12-02 20:55:06',NULL,2,'java'),(602,32,12,638,'2015-09-08 17:41:18','2017-12-02 20:55:08',NULL,3,'cpp'),(603,35,11,639,'2015-09-08 17:41:42','2017-12-02 20:56:06',NULL,2,'java'),(604,3,18,640,'2015-09-08 17:43:05','2017-12-02 20:56:08',NULL,2,'java'),(605,3,18,641,'2015-09-08 17:49:56','2017-12-02 20:56:07',NULL,2,'java'),(606,3,18,642,'2015-09-08 17:58:44','2017-12-02 20:56:09',180328,1,'java'),(607,43,18,643,'2015-09-08 18:08:52','2017-12-02 20:56:10',180338,1,'java'),(608,32,17,644,'2015-09-08 18:44:35','2017-12-02 20:56:07',NULL,2,'java'),(609,32,17,645,'2015-09-08 19:29:02','2017-12-02 20:56:09',NULL,2,'java'),(610,32,17,646,'2015-09-08 19:42:40','2017-12-02 20:56:10',NULL,2,'java'),(611,32,17,647,'2015-09-08 19:46:44','2017-12-02 20:56:10',NULL,2,'java'),(612,32,17,648,'2015-09-08 19:50:02','2017-12-02 20:56:11',NULL,2,'java'),(613,32,23,649,'2015-09-08 22:43:40','2017-12-02 20:56:11',NULL,4,'cpp'),(614,3,25,650,'2015-09-09 10:26:25','2017-12-02 20:56:11',NULL,2,'java'),(615,3,25,651,'2015-09-09 10:35:16','2017-12-02 20:56:11',NULL,2,'java'),(616,3,25,652,'2015-09-09 10:53:28','2017-12-02 20:56:12',NULL,2,'java'),(617,34,7,653,'2015-09-09 11:09:48','2017-12-02 20:56:13',181359,1,'java'),(618,35,11,654,'2015-09-09 11:29:29','2017-12-02 20:56:12',181379,1,'java'),(619,32,11,655,'2015-09-09 12:14:18','2017-12-02 20:56:13',NULL,2,'java'),(620,32,11,656,'2015-09-09 12:27:36','2017-12-02 20:56:13',NULL,2,'java'),(621,32,17,657,'2015-09-09 12:32:51','2017-12-02 20:56:14',NULL,2,'java'),(622,32,17,658,'2015-09-09 12:34:07','2017-12-02 20:56:14',NULL,2,'java'),(623,34,17,659,'2015-09-09 12:46:54','2017-12-02 20:56:14',181456,1,'java'),(624,18,17,660,'2015-09-09 13:04:56','2017-12-02 20:56:14',NULL,2,'java'),(625,18,17,661,'2015-09-09 13:13:37','2017-12-02 20:56:15',NULL,2,'java'),(626,18,17,662,'2015-09-09 13:15:55','2017-12-02 20:56:15',181485,1,'java'),(627,27,23,663,'2015-09-09 13:29:48','2017-12-02 20:56:15',NULL,4,'cpp'),(628,29,11,664,'2015-09-09 13:55:23','2017-12-02 20:56:16',NULL,2,'java'),(629,31,17,665,'2015-09-09 14:28:47','2017-12-02 20:56:16',181558,1,'java'),(630,12,24,666,'2015-09-09 14:30:56','2017-12-02 20:56:16',181560,1,'java'),(631,29,11,667,'2015-09-09 14:56:56','2017-12-02 20:56:17',NULL,2,'java'),(632,1,17,668,'2015-09-09 19:38:10','2017-12-02 20:56:17',NULL,2,'java'),(633,18,24,669,'2015-09-09 20:12:00','2017-12-02 20:56:17',NULL,2,'java'),(634,2,19,670,'2015-09-09 20:16:49','2017-12-02 20:56:17',NULL,2,'java'),(635,18,24,671,'2015-09-09 20:21:56','2017-12-02 20:56:18',NULL,2,'java'),(636,18,24,672,'2015-09-09 20:22:56','2017-12-02 20:56:18',NULL,2,'java'),(637,2,19,673,'2015-09-09 20:24:22','2017-12-02 20:56:19',NULL,2,'java'),(638,18,24,674,'2015-09-09 20:25:49','2017-12-02 20:56:18',NULL,2,'java'),(639,48,8,675,'2015-09-09 20:47:17','2017-12-02 20:56:19',NULL,2,'cpp'),(640,48,24,676,'2015-09-09 20:59:14','2017-12-02 20:56:19',181949,1,'java'),(641,48,8,677,'2015-09-09 21:01:24','2017-12-02 20:56:20',NULL,2,'cpp'),(642,29,11,678,'2015-09-09 21:27:22','2017-12-02 20:56:21',181977,1,'java'),(643,31,24,679,'2015-09-09 21:37:13','2017-12-02 20:56:21',181987,1,'java'),(644,32,11,680,'2015-09-09 21:57:41','2017-12-02 20:56:21',NULL,2,'java'),(645,33,24,681,'2015-09-09 21:59:01','2017-12-02 20:56:22',NULL,2,'java'),(646,32,11,682,'2015-09-09 21:59:40','2017-12-02 20:56:22',NULL,2,'java'),(647,33,24,683,'2015-09-09 22:10:23','2017-12-02 20:56:23',182020,1,'java'),(648,34,24,684,'2015-09-09 22:16:20','2017-12-02 20:56:23',182026,1,'java'),(649,43,24,685,'2015-09-09 22:26:01','2017-12-02 20:56:23',182036,1,'java'),(650,11,24,686,'2015-09-09 23:49:15','2017-12-02 20:56:23',NULL,2,'java'),(651,11,24,687,'2015-09-09 23:52:17','2017-12-02 20:56:24',NULL,2,'java'),(652,34,20,688,'2015-09-10 08:01:34','2017-12-02 20:56:24',182611,1,'java'),(653,33,7,689,'2015-09-10 08:15:32','2017-12-02 20:56:24',182625,1,'java'),(654,1,17,690,'2015-09-10 08:22:40','2017-12-02 20:56:25',NULL,2,'java'),(655,33,20,691,'2015-09-10 08:42:09','2017-12-02 20:56:25',NULL,2,'java'),(656,31,7,692,'2015-09-10 08:44:12','2017-12-02 20:56:25',182654,1,'java'),(657,33,20,693,'2015-09-10 08:48:42','2017-12-02 20:56:26',NULL,2,'java'),(658,18,11,694,'2015-09-10 08:50:42','2017-12-02 20:56:26',NULL,2,'java'),(659,18,11,695,'2015-09-10 08:51:50','2017-12-02 20:56:27',182661,1,'java'),(660,33,20,696,'2015-09-10 08:59:47','2017-12-02 20:56:27',182669,1,'java'),(661,48,8,697,'2015-09-10 11:24:59','2017-12-02 20:56:27',NULL,2,'cpp'),(662,48,8,698,'2015-09-10 11:26:48','2017-12-02 20:56:28',182816,1,'cpp'),(663,34,8,699,'2015-09-10 15:17:57','2017-12-02 20:56:28',183047,1,'cpp'),(664,31,9,700,'2015-09-10 15:21:14','2017-12-02 20:56:28',NULL,2,'java'),(665,11,9,701,'2015-09-10 15:23:56','2017-12-02 20:56:28',NULL,2,'java'),(666,53,7,702,'2015-09-10 16:19:39','2017-12-02 20:56:29',NULL,2,'java'),(667,53,7,703,'2015-09-10 16:53:57','2017-12-02 20:56:29',NULL,2,'java'),(668,2,13,704,'2015-09-10 16:54:21','2017-12-02 20:56:29',183144,1,'java'),(669,67,11,705,'2015-09-10 17:32:05','2017-12-02 20:56:30',NULL,2,'java'),(670,28,7,706,'2015-09-10 17:46:30','2017-12-02 20:56:30',NULL,2,'java'),(671,28,7,707,'2015-09-10 17:57:10','2017-12-02 20:56:30',183207,1,'java'),(672,67,7,708,'2015-09-10 18:43:08','2017-12-02 20:56:31',NULL,2,'java'),(673,18,14,709,'2015-09-10 19:00:54','2017-12-02 20:56:31',NULL,2,'java'),(674,34,10,710,'2015-09-10 19:03:09','2017-12-02 20:56:31',183273,1,'java'),(675,18,14,711,'2015-09-10 19:07:14','2017-12-02 20:56:32',NULL,2,'java'),(676,18,14,712,'2015-09-10 19:23:53','2017-12-02 20:56:32',NULL,2,'java'),(677,18,14,713,'2015-09-10 19:36:25','2017-12-02 20:56:32',183306,1,'java'),(678,31,9,714,'2015-09-10 22:01:26','2017-12-02 20:56:33',183451,1,'java'),(679,39,9,715,'2015-09-10 23:18:24','2017-12-02 20:56:33',183528,1,'java'),(680,33,9,716,'2015-09-10 23:41:54','2017-12-02 20:56:34',NULL,2,'java'),(681,34,9,717,'2015-09-10 23:50:02','2017-12-02 20:56:34',183560,1,'java'),(682,12,14,718,'2015-09-11 08:22:20','2017-12-02 20:56:34',184072,1,'java'),(683,43,14,719,'2015-09-11 08:50:11','2017-12-02 20:56:34',184100,1,'java'),(684,34,14,720,'2015-09-11 08:55:57','2017-12-02 20:56:34',184105,1,'java'),(685,33,14,721,'2015-09-11 09:55:00','2017-12-02 20:56:35',184165,1,'java'),(686,3,25,722,'2015-09-11 10:28:02','2017-12-02 20:56:35',184198,1,'java'),(687,39,12,723,'2015-09-11 10:28:11','2017-12-02 20:56:36',NULL,3,'java'),(688,43,25,724,'2015-09-11 10:48:56','2017-12-02 20:56:36',184218,1,'java'),(689,31,14,725,'2015-09-11 11:06:36','2017-12-02 20:56:36',NULL,2,'java'),(690,34,25,726,'2015-09-11 11:09:38','2017-12-02 20:56:37',184239,1,'java'),(691,1,17,727,'2015-09-11 11:16:59','2017-12-02 20:56:37',NULL,2,'java'),(692,1,17,728,'2015-09-11 11:30:02','2017-12-02 20:56:37',NULL,2,'java'),(693,1,17,729,'2015-09-11 11:32:41','2017-12-02 20:56:37',NULL,2,'java'),(694,1,17,730,'2015-09-11 12:00:10','2017-12-02 20:56:37',184290,1,'java'),(695,66,25,731,'2015-09-11 12:07:20','2017-12-02 20:56:38',NULL,2,'java'),(696,66,25,732,'2015-09-11 12:14:28','2017-12-02 20:56:38',NULL,2,'java'),(697,2,19,733,'2015-09-11 12:39:24','2017-12-02 20:56:38',NULL,2,'java'),(698,6,17,734,'2015-09-11 12:57:55','2017-12-02 20:56:38',184347,1,'java'),(699,11,10,735,'2015-09-11 15:31:00','2017-12-02 20:56:39',184501,1,'java'),(700,11,22,736,'2015-09-11 16:58:44','2017-12-02 20:56:40',NULL,2,'cpp'),(701,27,12,737,'2015-09-11 20:17:21','2017-12-02 20:56:39',NULL,2,'cpp'),(702,27,12,738,'2015-09-11 20:37:30','2017-12-02 20:56:40',184807,1,'cpp'),(703,27,12,739,'2015-09-11 20:42:37','2017-12-02 20:58:21',NULL,3,'cpp'),(704,31,14,740,'2015-09-12 08:24:32','2017-12-02 20:58:18',NULL,2,'java'),(705,31,14,741,'2015-09-12 08:36:34','2017-12-02 20:58:22',185526,1,'java'),(706,29,17,742,'2015-09-12 12:25:23','2017-12-02 20:58:22',NULL,2,'java'),(707,29,17,743,'2015-09-12 12:34:57','2017-12-02 20:58:22',185764,1,'java'),(708,28,21,744,'2015-09-12 13:59:33','2017-12-02 20:58:20',NULL,2,'java'),(709,28,21,745,'2015-09-12 14:00:34','2017-12-02 20:58:23',NULL,2,'java'),(710,28,21,746,'2015-09-12 14:08:10','2017-12-02 20:58:23',NULL,2,'java'),(711,28,21,747,'2015-09-12 14:37:02','2017-12-02 20:58:24',185887,1,'java'),(712,31,21,748,'2015-09-12 16:33:08','2017-12-02 20:58:24',NULL,2,'java'),(713,31,21,749,'2015-09-12 16:36:26','2017-12-02 20:58:24',186006,1,'java'),(714,33,21,750,'2015-09-12 17:06:12','2017-12-02 20:58:24',186036,1,'java'),(715,34,21,751,'2015-09-12 17:12:59','2017-12-02 20:58:25',186042,1,'java'),(716,18,9,752,'2015-09-13 09:55:10','2017-12-02 20:58:25',187045,1,'java'),(717,67,11,753,'2015-09-13 09:59:24','2017-12-02 20:58:26',187049,1,'java'),(718,33,8,754,'2015-09-13 10:13:24','2017-12-02 20:58:26',187063,1,'cpp'),(719,43,8,755,'2015-09-13 11:06:06','2017-12-02 20:58:26',187116,1,'cpp'),(720,11,22,756,'2015-09-13 11:51:22','2017-12-02 20:58:27',187161,1,'cpp'),(721,11,9,757,'2015-09-13 11:58:26','2017-12-02 20:58:27',187168,1,'java'),(722,63,9,758,'2015-09-13 12:33:06','2017-12-02 20:58:27',NULL,2,'java'),(723,63,9,759,'2015-09-13 12:41:29','2017-12-02 20:58:27',187211,1,'java'),(724,58,12,760,'2015-09-13 14:09:04','2017-12-02 20:58:27',NULL,2,'cpp'),(725,58,12,761,'2015-09-13 14:13:30','2017-12-02 20:58:29',NULL,2,'cpp'),(726,58,12,762,'2015-09-13 14:27:56','2017-12-02 20:58:28',NULL,2,'cpp'),(727,58,12,763,'2015-09-13 14:38:03','2017-12-02 20:58:29',NULL,2,'cpp'),(728,58,12,764,'2015-09-13 14:40:42','2017-12-02 20:58:29',NULL,2,'cpp'),(729,58,12,765,'2015-09-13 14:45:20','2017-12-02 20:58:29',NULL,2,'cpp'),(730,61,9,766,'2015-09-13 15:16:44','2017-12-02 20:58:30',187366,1,'java'),(731,65,12,767,'2015-09-13 16:23:20','2017-12-02 20:58:30',NULL,2,'cpp'),(732,65,12,768,'2015-09-13 16:25:26','2017-12-02 20:58:30',NULL,2,'cpp'),(733,65,12,769,'2015-09-13 16:34:11','2017-12-02 20:58:30',187444,1,'cpp'),(734,65,12,770,'2015-09-13 16:34:42','2017-12-02 20:58:30',187444,1,'cpp'),(735,62,12,771,'2015-09-13 16:58:39','2017-12-02 20:58:32',NULL,2,'cpp'),(736,62,12,772,'2015-09-13 16:59:56','2017-12-02 20:58:32',NULL,2,'cpp'),(737,62,12,773,'2015-09-13 17:01:11','2017-12-02 20:58:31',NULL,2,'cpp'),(738,62,12,774,'2015-09-13 17:04:17','2017-12-02 20:58:32',187474,1,'cpp'),(739,18,24,775,'2015-09-13 23:24:33','2017-12-02 20:58:32',187854,1,'java'),(740,11,24,776,'2015-09-13 23:45:54','2017-12-02 20:58:32',NULL,2,'java'),(741,11,24,777,'2015-09-13 23:47:49','2017-12-02 20:58:33',NULL,2,'java'),(742,11,24,778,'2015-09-13 23:54:37','2017-12-02 20:58:33',NULL,2,'java'),(743,33,18,779,'2015-09-14 06:09:28','2017-12-02 20:58:33',NULL,2,'java'),(744,33,18,780,'2015-09-14 06:10:13','2017-12-02 20:58:33',NULL,2,'java'),(745,34,18,781,'2015-09-14 06:36:15','2017-12-02 20:58:34',188286,1,'java'),(746,33,18,782,'2015-09-14 06:37:26','2017-12-02 20:58:34',NULL,2,'java'),(747,63,22,783,'2015-09-14 06:55:39','2017-12-02 20:58:34',NULL,2,'cpp'),(748,33,18,784,'2015-09-14 09:30:04','2017-12-02 20:58:35',NULL,2,'java'),(749,63,22,785,'2015-09-14 09:45:00','2017-12-02 20:58:35',NULL,2,'cpp'),(750,5,11,786,'2015-09-14 10:21:18','2017-12-02 20:58:35',NULL,2,'java'),(751,33,9,787,'2015-09-14 13:14:09','2017-12-02 20:58:35',NULL,2,'java'),(752,33,9,788,'2015-09-14 13:41:20','2017-12-02 20:58:36',188711,1,'java'),(753,63,10,789,'2015-09-14 17:20:06','2017-12-02 20:58:36',NULL,2,'java'),(754,69,23,790,'2015-09-14 21:14:11','2017-12-02 20:58:36',NULL,4,'cpp'),(755,69,23,791,'2015-09-14 21:14:22','2017-12-02 20:58:36',NULL,4,'java'),(756,69,23,792,'2015-09-14 21:14:32','2017-12-02 20:58:36',NULL,4,'cpp'),(757,69,23,793,'2015-09-14 21:14:43','2017-12-02 20:58:37',NULL,4,'cpp'),(758,70,23,794,'2015-09-14 21:16:10','2017-12-02 20:58:37',NULL,4,'cpp'),(759,70,23,795,'2015-09-14 21:16:21','2017-12-02 20:58:37',NULL,4,'java'),(760,70,23,796,'2015-09-14 21:16:31','2017-12-02 20:58:38',NULL,4,'cpp'),(761,70,23,797,'2015-09-14 21:16:41','2017-12-02 20:58:38',NULL,4,'cpp'),(762,71,23,798,'2015-09-14 21:17:31','2017-12-02 20:58:38',NULL,4,'cpp'),(763,71,23,799,'2015-09-14 21:17:42','2017-12-02 20:58:39',NULL,4,'cpp'),(764,71,23,800,'2015-09-14 21:17:54','2017-12-02 20:58:39',NULL,4,'cpp'),(765,72,23,801,'2015-09-14 21:18:34','2017-12-02 20:58:39',NULL,4,'cpp'),(766,72,23,802,'2015-09-14 21:18:43','2017-12-02 20:58:40',NULL,4,'java'),(767,72,23,803,'2015-09-14 21:18:59','2017-12-02 20:58:40',NULL,4,'cpp'),(768,72,23,804,'2015-09-14 21:19:08','2017-12-02 20:58:40',NULL,4,'java'),(769,73,23,805,'2015-09-14 21:19:50','2017-12-02 20:58:40',NULL,4,'cpp'),(770,73,23,806,'2015-09-14 21:19:59','2017-12-02 20:58:40',NULL,4,'java'),(771,73,23,807,'2015-09-14 21:20:09','2017-12-02 20:58:41',NULL,4,'cpp'),(772,73,23,808,'2015-09-14 21:20:18','2017-12-02 20:58:41',NULL,4,'cpp'),(773,74,23,809,'2015-09-14 21:20:57','2017-12-02 20:58:41',NULL,4,'cpp'),(774,74,23,810,'2015-09-14 21:21:07','2017-12-02 20:58:41',NULL,4,'java'),(775,74,23,811,'2015-09-14 21:21:17','2017-12-02 20:58:42',NULL,4,'cpp'),(776,74,23,812,'2015-09-14 21:21:28','2017-12-02 20:58:42',NULL,4,'cpp'),(777,75,23,813,'2015-09-14 21:23:14','2017-12-02 20:58:43',NULL,4,'c'),(778,75,23,814,'2015-09-14 21:23:23','2017-12-02 20:58:43',NULL,4,'cpp'),(779,75,23,815,'2015-09-14 21:23:33','2017-12-02 20:58:43',NULL,4,'java'),(780,75,23,816,'2015-09-14 21:23:42','2017-12-02 20:58:43',NULL,4,'cpp'),(781,75,23,817,'2015-09-14 21:23:51','2017-12-02 20:58:44',NULL,4,'cpp'),(782,75,23,818,'2015-09-14 21:24:00','2017-12-02 20:58:44',NULL,4,'cpp'),(783,76,23,819,'2015-09-14 21:24:43','2017-12-02 20:58:44',NULL,4,'cpp'),(784,76,23,820,'2015-09-14 21:24:54','2017-12-02 20:58:45',NULL,4,'java'),(785,76,23,821,'2015-09-14 21:25:05','2017-12-02 20:58:45',NULL,4,'cpp'),(786,76,23,822,'2015-09-14 21:25:16','2017-12-02 20:58:45',NULL,4,'cpp'),(787,77,23,823,'2015-09-14 21:25:54','2017-12-02 20:58:45',NULL,4,'cpp'),(788,77,23,824,'2015-09-14 21:26:07','2017-12-02 20:58:46',NULL,4,'cpp'),(789,1,18,825,'2015-09-15 10:04:19','2017-12-02 20:58:46',NULL,2,'java'),(790,1,18,826,'2015-09-15 10:07:28','2017-12-02 20:58:46',NULL,2,'java'),(791,1,18,827,'2015-09-15 10:11:21','2017-12-02 20:58:47',NULL,2,'java'),(792,1,18,828,'2015-09-15 10:52:00','2017-12-02 20:58:47',NULL,2,'java'),(793,1,18,829,'2015-09-15 10:55:28','2017-12-02 20:58:47',NULL,2,'java'),(794,1,18,830,'2015-09-15 12:49:51','2017-12-02 20:58:48',NULL,2,'java'),(795,72,18,831,'2015-09-15 13:42:33','2017-12-02 20:58:48',NULL,2,'java'),(796,33,18,832,'2015-09-15 13:47:38','2017-12-02 20:58:49',190157,1,'java'),(797,75,18,833,'2015-09-15 14:11:28','2017-12-02 20:58:49',NULL,2,'java'),(798,63,22,834,'2015-09-15 14:54:18','2017-12-02 20:58:49',NULL,2,'cpp'),(799,2,19,835,'2015-09-15 15:58:16','2017-12-02 20:58:49',190288,1,'java'),(800,63,22,836,'2015-09-15 17:13:18','2017-12-02 20:58:50',190363,1,'cpp'),(801,66,25,837,'2015-09-15 17:37:08','2017-12-02 20:58:50',NULL,2,'java'),(802,66,25,838,'2015-09-15 17:38:32','2017-12-02 20:58:50',NULL,2,'java'),(803,66,25,839,'2015-09-15 17:42:25','2017-12-02 21:00:02',NULL,2,'java'),(804,66,25,840,'2015-09-15 18:11:30','2017-12-02 21:00:03',NULL,2,'java'),(805,72,18,841,'2015-09-15 18:28:05','2017-12-02 21:00:04',190438,1,'java'),(806,38,11,842,'2015-09-15 20:15:34','2017-12-02 21:00:05',NULL,2,'java'),(807,38,11,843,'2015-09-15 20:37:45','2017-12-02 21:00:06',NULL,2,'java'),(808,38,11,844,'2015-09-15 20:42:26','2017-12-02 21:00:07',NULL,2,'java'),(809,61,22,845,'2015-09-16 07:35:06','2017-12-02 21:00:08',191225,1,'cpp'),(810,75,14,846,'2015-09-16 08:50:03','2017-12-02 21:00:11',NULL,2,'java'),(811,18,22,847,'2015-09-16 09:09:01','2017-12-02 21:00:12',191319,1,'cpp'),(812,75,14,848,'2015-09-16 09:15:31','2017-12-02 21:00:12',NULL,2,'java'),(813,75,14,849,'2015-09-16 10:55:35','2017-12-02 21:00:12',NULL,2,'java'),(814,63,10,850,'2015-09-16 12:24:28','2017-12-02 21:00:13',191514,1,'java'),(815,75,10,851,'2015-09-16 12:34:04','2017-12-02 21:00:14',191524,1,'java'),(816,1,18,852,'2015-09-16 13:24:23','2017-12-02 21:00:14',NULL,2,'java'),(817,40,12,853,'2015-09-16 18:45:48','2017-12-02 21:00:14',NULL,2,'cpp'),(818,40,12,854,'2015-09-16 19:16:22','2017-12-02 21:00:15',NULL,2,'cpp'),(819,40,12,855,'2015-09-16 21:15:40','2017-12-02 21:00:15',NULL,2,'cpp'),(820,40,12,856,'2015-09-16 21:58:26','2017-12-02 21:00:16',192088,1,'cpp'),(821,75,24,857,'2015-09-18 09:24:41','2017-12-02 21:00:16',194214,1,'java'),(822,31,8,858,'2015-09-18 13:25:04','2017-12-02 21:00:17',NULL,2,'cpp'),(823,72,7,859,'2015-09-18 18:13:52','2017-12-02 21:00:17',194743,1,'java'),(824,3,24,860,'2015-09-18 19:31:28','2017-12-02 21:00:18',NULL,2,'java'),(825,3,24,861,'2015-09-18 19:35:30','2017-12-02 21:00:18',NULL,2,'java'),(826,3,24,862,'2015-09-18 19:41:09','2017-12-02 21:00:18',194831,1,'java'),(827,60,7,863,'2015-09-18 21:13:21','2017-12-02 21:00:19',NULL,2,'java'),(828,60,7,864,'2015-09-18 21:16:45','2017-12-02 21:00:19',NULL,2,'java'),(829,32,17,865,'2015-09-18 21:29:48','2017-12-02 21:00:20',NULL,2,'java'),(830,32,17,866,'2015-09-18 21:31:24','2017-12-02 21:00:20',NULL,2,'java'),(831,5,11,867,'2015-09-20 10:09:34','2017-12-02 21:00:21',197139,1,'java'),(832,43,11,868,'2015-09-20 11:25:37','2017-12-02 21:00:21',197215,1,'java'),(833,75,11,869,'2015-09-20 12:03:56','2017-12-02 21:00:22',197253,1,'java'),(834,12,11,870,'2015-09-20 12:18:14','2017-12-02 21:00:22',197268,1,'java'),(835,31,8,871,'2015-09-20 13:09:46','2017-12-02 21:00:22',197319,1,'cpp'),(836,20,11,872,'2015-09-20 13:55:07','2017-12-02 21:00:23',NULL,2,'java'),(837,20,11,873,'2015-09-20 13:56:12','2017-12-02 21:00:23',NULL,2,'java'),(838,5,9,874,'2015-09-20 14:13:26','2017-12-02 21:00:24',197383,1,'java'),(839,75,9,875,'2015-09-20 14:42:12','2017-12-02 21:00:24',NULL,2,'java'),(840,63,11,876,'2015-09-20 14:44:26','2017-12-02 21:00:24',197414,1,'java'),(841,28,8,877,'2015-09-20 16:51:24','2017-12-02 21:00:25',197541,1,'cpp'),(842,60,7,878,'2015-09-20 17:43:47','2017-12-02 21:00:25',NULL,2,'java'),(843,75,9,879,'2015-09-20 18:44:58','2017-12-02 21:00:26',197654,1,'java'),(844,60,7,880,'2015-09-20 18:46:51','2017-12-02 21:00:26',NULL,2,'java'),(845,28,9,881,'2015-09-20 19:47:30','2017-12-02 21:00:27',197717,1,'java'),(846,10,11,882,'2015-09-20 20:00:08','2017-12-02 21:00:27',197730,1,'java'),(847,32,9,883,'2015-09-21 00:01:40','2017-12-02 21:00:28',197971,1,'java'),(848,72,9,884,'2015-09-21 01:17:09','2017-12-02 21:00:28',198047,1,'java'),(849,3,22,885,'2015-09-21 11:12:09','2017-12-02 21:00:28',198642,1,'cpp'),(850,32,11,886,'2015-09-21 12:51:55','2017-12-02 21:00:29',NULL,2,'java'),(851,39,11,887,'2015-09-21 16:05:58','2017-12-02 21:00:29',NULL,2,'java'),(852,12,22,888,'2015-09-21 19:50:36','2017-12-02 21:00:30',NULL,2,'cpp'),(853,12,22,889,'2015-09-21 19:54:44','2017-12-02 21:00:30',NULL,2,'cpp'),(854,12,22,890,'2015-09-21 20:01:35','2017-12-02 21:00:30',199171,1,'cpp'),(855,18,20,891,'2015-09-22 15:34:31','2017-12-02 21:00:31',NULL,2,'java'),(856,67,22,892,'2015-09-22 16:05:51','2017-12-02 21:00:31',NULL,2,'cpp'),(857,51,21,893,'2015-09-23 18:40:50','2017-12-02 21:00:31',NULL,2,'java'),(858,67,7,894,'2015-09-24 06:25:00','2017-12-02 21:00:32',202675,1,'java'),(859,22,7,895,'2015-09-24 08:34:27','2017-12-02 21:00:32',202804,1,'java'),(860,31,18,896,'2015-09-24 08:44:24','2017-12-02 21:00:32',202814,1,'java'),(861,78,53,897,'2015-09-24 13:33:06','2017-12-02 21:00:33',NULL,4,'c'),(862,78,53,898,'2015-09-24 13:33:06','2017-12-02 21:00:33',NULL,4,'cpp'),(863,78,53,899,'2015-09-24 13:33:06','2017-12-02 21:00:34',NULL,4,'cpp'),(864,78,53,900,'2015-09-24 13:33:06','2017-12-02 21:00:34',NULL,4,'cpp'),(865,78,53,901,'2015-09-24 13:33:06','2017-12-02 21:00:34',NULL,4,'cpp'),(866,79,53,902,'2015-09-24 13:33:06','2017-12-02 21:00:35',NULL,4,'java'),(867,79,53,903,'2015-09-24 13:33:06','2017-12-02 21:00:35',NULL,4,'c'),(868,79,53,904,'2015-09-24 13:33:06','2017-12-02 21:00:35',NULL,4,'cpp'),(869,80,53,905,'2015-09-24 13:33:06','2017-12-02 21:00:36',NULL,4,'c'),(870,80,53,906,'2015-09-24 13:33:06','2017-12-02 21:00:36',NULL,4,'cpp'),(871,80,53,907,'2015-09-24 13:33:06','2017-12-02 21:00:36',NULL,4,'cpp'),(872,81,53,908,'2015-09-24 13:33:06','2017-12-02 21:00:37',NULL,4,'c'),(873,81,53,909,'2015-09-24 13:33:06','2017-12-02 21:00:37',NULL,4,'c'),(874,81,53,910,'2015-09-24 13:33:06','2017-12-02 21:00:38',NULL,4,'cpp'),(875,81,53,911,'2015-09-24 13:33:06','2017-12-02 21:00:38',NULL,4,'cpp'),(876,81,53,912,'2015-09-24 13:33:06','2017-12-02 21:00:38',NULL,4,'cpp'),(877,81,53,913,'2015-09-24 13:33:06','2017-12-02 21:00:39',NULL,4,'cpp'),(878,82,53,914,'2015-09-24 13:33:06','2017-12-02 21:00:39',NULL,4,'c'),(879,82,53,915,'2015-09-24 13:33:06','2017-12-02 21:00:39',NULL,4,'cpp'),(880,82,53,916,'2015-09-24 13:33:06','2017-12-02 21:00:40',NULL,4,'cpp'),(881,82,53,917,'2015-09-24 13:33:06','2017-12-02 21:00:40',NULL,4,'cpp'),(882,82,53,918,'2015-09-24 13:33:06','2017-12-02 21:00:40',NULL,4,'cpp'),(883,83,53,919,'2015-09-24 13:33:06','2017-12-02 21:00:41',NULL,4,'java'),(884,83,53,920,'2015-09-24 13:33:06','2017-12-02 21:00:41',NULL,4,'c'),(885,83,53,921,'2015-09-24 13:33:06','2017-12-02 21:00:53',NULL,4,'c'),(886,83,53,922,'2015-09-24 13:33:06','2017-12-02 21:00:54',NULL,4,'cpp'),(887,83,53,923,'2015-09-24 13:33:06','2017-12-02 21:00:55',NULL,4,'cpp'),(888,84,53,924,'2015-09-24 13:33:06','2017-12-02 21:00:55',NULL,4,'c'),(889,84,53,925,'2015-09-24 13:33:06','2017-12-02 21:00:55',NULL,4,'cpp'),(890,84,53,926,'2015-09-24 13:33:06','2017-12-02 21:00:54',NULL,4,'cpp'),(891,85,53,927,'2015-09-24 13:33:06','2017-12-02 21:00:58',NULL,4,'c'),(892,85,53,928,'2015-09-24 13:33:07','2017-12-02 21:00:59',NULL,4,'cpp'),(893,86,53,929,'2015-09-24 13:33:07','2017-12-02 21:00:59',NULL,4,'c'),(894,86,53,930,'2015-09-24 13:33:07','2017-12-02 21:00:59',NULL,4,'java'),(895,86,53,931,'2015-09-24 13:33:07','2017-12-02 21:00:59',NULL,4,'cpp'),(896,86,53,932,'2015-09-24 13:33:07','2017-12-02 21:01:00',NULL,4,'c'),(897,86,53,933,'2015-09-24 13:33:07','2017-12-02 21:01:01',NULL,4,'cpp'),(898,86,53,934,'2015-09-24 13:33:07','2017-12-02 21:01:01',NULL,4,'cpp'),(899,11,18,935,'2015-09-24 15:40:37','2017-12-02 21:01:01',NULL,2,'java'),(900,11,18,936,'2015-09-24 15:43:11','2017-12-02 21:01:01',203233,1,'java'),(901,80,18,937,'2015-09-24 16:39:33','2017-12-02 21:01:02',NULL,2,'java'),(902,11,21,938,'2015-09-24 16:49:10','2017-12-02 21:01:02',NULL,2,'java'),(903,11,21,939,'2015-09-24 16:54:08','2017-12-02 21:02:16',203304,1,'java'),(904,80,18,940,'2015-09-24 16:57:59','2017-12-02 21:02:24',NULL,2,'java'),(905,80,18,941,'2015-09-24 17:05:09','2017-12-02 21:02:25',NULL,2,'java'),(906,80,18,942,'2015-09-24 17:12:31','2017-12-02 21:02:25',203322,1,'java'),(907,86,10,943,'2015-09-24 17:31:19','2017-12-02 21:02:25',NULL,2,'java'),(908,80,10,944,'2015-09-24 17:32:40','2017-12-02 21:02:17',203342,1,'java'),(909,86,10,945,'2015-09-24 17:40:28','2017-12-02 21:02:17',NULL,2,'java'),(910,86,10,946,'2015-09-24 17:48:04','2017-12-02 21:02:17',NULL,2,'java'),(911,80,21,947,'2015-09-25 12:50:25','2017-12-02 21:02:18',204500,1,'java'),(912,80,24,948,'2015-09-25 23:05:04','2017-12-02 21:02:19',205115,1,'java'),(913,73,7,949,'2015-09-26 11:01:21','2017-12-02 21:02:21',NULL,2,'java'),(914,22,21,950,'2015-09-26 11:47:47','2017-12-02 21:02:23',NULL,2,'java'),(915,80,9,951,'2015-09-26 21:07:55','2017-12-02 21:02:26',206437,1,'java'),(916,86,9,952,'2015-09-26 22:18:15','2017-12-02 21:02:26',NULL,2,'java'),(917,86,9,953,'2015-09-26 22:48:49','2017-12-02 21:02:26',NULL,2,'java'),(918,86,9,954,'2015-09-26 23:33:40','2017-12-02 21:02:26',NULL,2,'java'),(919,22,9,955,'2015-09-27 00:10:18','2017-12-02 21:02:27',206620,1,'java'),(920,86,9,956,'2015-09-27 00:21:14','2017-12-02 21:02:27',206631,1,'java'),(921,83,9,957,'2015-09-27 00:57:50','2017-12-02 21:02:28',NULL,2,'java'),(922,83,9,958,'2015-09-27 00:58:29','2017-12-02 21:02:28',206668,1,'java'),(923,78,9,959,'2015-09-27 01:57:03','2017-12-02 21:02:28',206727,1,'java'),(924,86,9,960,'2015-09-27 02:07:33','2017-12-02 21:02:28',NULL,3,'java'),(925,86,9,961,'2015-09-27 02:09:10','2017-12-02 21:02:29',NULL,3,'java'),(926,80,22,962,'2015-09-27 05:33:44','2017-12-02 21:02:30',206943,1,'cpp'),(927,28,22,963,'2015-09-27 06:40:00','2017-12-02 21:02:30',207010,1,'cpp'),(928,33,22,964,'2015-09-27 07:34:11','2017-12-02 21:02:30',207064,1,'cpp'),(929,83,11,965,'2015-09-27 10:15:11','2017-12-02 21:02:30',NULL,2,'java'),(930,83,11,966,'2015-09-27 10:27:34','2017-12-02 21:02:31',NULL,2,'java'),(931,83,11,967,'2015-09-27 10:32:22','2017-12-02 21:02:31',NULL,2,'java'),(932,83,11,968,'2015-09-27 10:41:13','2017-12-02 21:02:32',NULL,2,'java'),(933,83,11,969,'2015-09-27 11:17:08','2017-12-02 21:02:32',NULL,2,'java'),(934,39,11,970,'2015-09-27 12:02:11','2017-12-02 21:02:32',NULL,2,'java'),(935,80,11,971,'2015-09-27 12:12:00','2017-12-02 21:02:33',207342,1,'java'),(936,80,11,972,'2015-09-27 12:12:54','2017-12-02 21:02:33',207342,1,'java'),(937,53,9,973,'2015-09-27 19:37:46','2017-12-02 21:02:33',207787,1,'java'),(938,1,9,974,'2015-09-27 23:04:12','2017-12-02 21:02:33',207994,1,'java'),(939,80,8,975,'2015-09-28 15:13:28','2017-12-02 21:02:34',208963,1,'c'),(940,75,14,976,'2015-09-28 21:50:54','2017-12-02 21:02:35',209360,1,'java'),(941,31,22,977,'2015-09-29 06:12:23','2017-12-02 21:02:35',NULL,2,'cpp'),(942,63,14,978,'2015-09-29 09:52:51','2017-12-02 21:02:35',210082,1,'java'),(943,86,10,979,'2015-09-29 14:01:35','2017-12-02 21:02:35',NULL,2,'java'),(944,18,20,980,'2015-09-29 14:05:54','2017-12-02 21:02:35',NULL,2,'java'),(945,80,14,981,'2015-09-29 14:07:30','2017-12-02 21:02:37',NULL,2,'java'),(946,80,14,982,'2015-09-29 14:09:45','2017-12-02 21:02:36',210339,1,'java'),(947,86,10,983,'2015-09-29 14:41:47','2017-12-02 21:02:37',NULL,2,'java'),(948,31,20,984,'2015-09-29 14:51:01','2017-12-02 21:02:37',210381,1,'java'),(949,86,10,985,'2015-09-29 14:56:24','2017-12-02 21:02:37',210386,1,'java'),(950,43,20,986,'2015-09-29 15:06:48','2017-12-02 21:02:39',210396,1,'java'),(951,80,20,987,'2015-09-29 15:12:16','2017-12-02 21:02:40',210402,1,'java'),(952,67,10,988,'2015-09-29 15:46:19','2017-12-02 21:02:39',210436,1,'java'),(953,83,10,989,'2015-09-29 16:05:46','2017-12-02 21:02:40',210455,1,'java'),(954,72,10,990,'2015-09-29 16:27:56','2017-12-02 21:02:41',210477,1,'java'),(955,86,14,991,'2015-09-29 17:18:36','2017-12-02 21:02:01',NULL,0,'java'),(956,86,14,992,'2015-09-29 17:20:27','2017-12-02 21:02:01',NULL,0,'java'),(957,31,22,993,'2015-09-29 17:21:15','2017-12-02 21:02:01',NULL,0,'cpp'),(958,34,22,994,'2015-09-29 17:54:24','2017-12-02 21:02:01',NULL,0,'cpp'),(959,31,22,995,'2015-09-29 18:15:27','2017-12-02 21:02:01',NULL,0,'cpp'),(960,55,9,996,'2015-09-29 18:46:58','2017-12-02 21:02:01',NULL,0,'java'),(961,53,22,997,'2015-09-29 22:34:35','2017-12-02 21:02:01',NULL,0,'cpp'),(962,53,22,998,'2015-09-29 23:09:47','2017-12-02 21:02:01',NULL,0,'cpp'),(963,86,14,999,'2015-09-30 07:43:42','2017-12-02 21:02:01',NULL,0,'java'),(964,86,14,1000,'2015-09-30 07:59:23','2017-12-02 21:02:01',NULL,0,'java'),(965,10,9,1001,'2015-09-30 08:29:54','2017-12-02 21:02:01',NULL,0,'java'),(966,72,14,1002,'2015-09-30 09:06:14','2017-12-02 21:02:01',NULL,0,'java'),(967,87,23,1003,'2015-09-30 15:38:46','2017-12-02 21:02:01',NULL,0,'cpp'),(968,87,23,1004,'2015-09-30 15:39:05','2017-12-02 21:02:01',NULL,0,'c'),(969,87,23,1005,'2015-09-30 15:39:17','2017-12-02 21:02:01',NULL,0,'c'),(970,87,23,1006,'2015-09-30 15:39:43','2017-12-02 21:02:01',NULL,0,'c'),(971,87,23,1007,'2015-09-30 15:39:54','2017-12-02 21:02:01',NULL,0,'cpp'),(972,87,23,1008,'2015-09-30 15:40:07','2017-12-02 21:02:01',NULL,0,'cpp'),(973,88,23,1009,'2015-09-30 15:40:33','2017-12-02 21:02:01',NULL,0,'cpp'),(974,88,23,1010,'2015-09-30 15:40:46','2017-12-02 21:02:01',NULL,0,'java'),(975,88,23,1011,'2015-09-30 15:40:59','2017-12-02 21:02:01',NULL,0,'cpp'),(976,88,23,1012,'2015-09-30 15:41:17','2017-12-02 21:02:01',NULL,0,'cpp'),(977,88,23,1013,'2015-09-30 15:41:33','2017-12-02 21:02:01',NULL,0,'cpp'),(978,89,23,1014,'2015-09-30 15:41:56','2017-12-02 21:02:01',NULL,0,'cpp'),(979,89,23,1015,'2015-09-30 15:42:08','2017-12-02 21:02:01',NULL,0,'c'),(980,89,23,1016,'2015-09-30 15:42:19','2017-12-02 21:02:01',NULL,0,'c'),(981,89,23,1017,'2015-09-30 15:42:31','2017-12-02 21:02:01',NULL,0,'cpp'),(982,90,23,1018,'2015-09-30 15:42:55','2017-12-02 21:02:02',NULL,0,'cpp'),(983,90,23,1019,'2015-09-30 15:43:21','2017-12-02 21:02:02',NULL,0,'c'),(984,91,23,1020,'2015-09-30 15:43:37','2017-12-02 21:02:02',NULL,0,'java'),(985,91,23,1021,'2015-09-30 15:43:50','2017-12-02 21:02:02',NULL,0,'cpp'),(986,91,23,1022,'2015-09-30 15:44:01','2017-12-02 21:02:02',NULL,0,'cpp'),(987,92,23,1023,'2015-09-30 15:44:28','2017-12-02 21:02:02',NULL,0,'cpp'),(988,92,23,1024,'2015-09-30 15:44:50','2017-12-02 21:02:02',NULL,0,'cpp'),(989,92,23,1025,'2015-09-30 15:45:03','2017-12-02 21:02:02',NULL,0,'c'),(990,93,23,1026,'2015-09-30 15:45:36','2017-12-02 21:02:02',NULL,0,'cpp'),(991,93,23,1027,'2015-09-30 15:45:47','2017-12-02 21:02:02',NULL,0,'c'),(992,93,23,1028,'2015-09-30 15:45:58','2017-12-02 21:02:02',NULL,0,'c'),(993,93,23,1029,'2015-09-30 15:46:11','2017-12-02 21:02:02',NULL,0,'cpp'),(994,93,23,1030,'2015-09-30 15:46:23','2017-12-02 21:02:02',NULL,0,'cpp'),(995,93,23,1031,'2015-09-30 15:46:33','2017-12-02 21:02:02',NULL,0,'cpp'),(996,93,23,1032,'2015-09-30 15:46:44','2017-12-02 21:02:02',NULL,0,'cpp'),(997,93,23,1033,'2015-09-30 15:46:52','2017-12-02 21:02:02',NULL,0,'cpp'),(998,94,23,1034,'2015-09-30 15:47:06','2017-12-02 21:02:02',NULL,0,'cpp'),(999,94,23,1035,'2015-09-30 15:47:18','2017-12-02 21:02:02',NULL,0,'java'),(1000,94,23,1036,'2015-09-30 15:47:29','2017-12-02 21:02:02',NULL,0,'cpp'),(1001,94,23,1037,'2015-09-30 15:47:40','2017-12-02 21:02:02',NULL,0,'cpp'),(1002,94,23,1038,'2015-09-30 15:47:52','2017-12-02 21:02:02',NULL,0,'cpp');
/*!40000 ALTER TABLE `submissions` ENABLE KEYS */;
UNLOCK TABLES;

--
-- Table structure for table `users`
--

DROP TABLE IF EXISTS `users`;
/*!40101 SET @saved_cs_client     = @@character_set_client */;
/*!40101 SET character_set_client = utf8 */;
CREATE TABLE `users` (
  `id` bigint(20) unsigned NOT NULL AUTO_INCREMENT,
  `name` varchar(255) DEFAULT NULL,
  `username` varchar(255) DEFAULT NULL,
  `email` varchar(255) DEFAULT NULL,
  `password_digest` varchar(255) DEFAULT NULL,
  `created_at` datetime NOT NULL,
  `updated_at` datetime NOT NULL,
  `session_token_digest` varchar(255) DEFAULT NULL,
  PRIMARY KEY (`id`),
  UNIQUE KEY `id` (`id`),
  UNIQUE KEY `index_users_on_email` (`email`),
  UNIQUE KEY `index_users_on_username` (`username`)
) ENGINE=InnoDB AUTO_INCREMENT=2 DEFAULT CHARSET=latin1;
/*!40101 SET character_set_client = @saved_cs_client */;

--
-- Dumping data for table `users`
--

LOCK TABLES `users` WRITE;
/*!40000 ALTER TABLE `users` DISABLE KEYS */;
INSERT INTO `users` VALUES (1,'Martijn','martijn','martijn_timmermans','$2a$10$dNFlZ1FBl.Mwo0iF6V5MqeqtDStTIAY46aA0i6Ueqsa6QxDc.uJvq','2017-11-20 09:31:26','2017-11-20 09:31:28','$2a$10$lb3P4aYS8XL12ogkFS7SV.H7UPkSUOedUrzmm6Iddt1Q6cbbIRjZi');
/*!40000 ALTER TABLE `users` ENABLE KEYS */;
UNLOCK TABLES;

--
-- Table structure for table `webhooks`
--

DROP TABLE IF EXISTS `webhooks`;
/*!40101 SET @saved_cs_client     = @@character_set_client */;
/*!40101 SET character_set_client = utf8 */;
CREATE TABLE `webhooks` (
  `id` bigint(20) unsigned NOT NULL AUTO_INCREMENT,
  `name` varchar(255) DEFAULT NULL,
  `url` varchar(255) DEFAULT NULL,
  `hook_type` varchar(255) DEFAULT NULL,
  `created_at` datetime NOT NULL,
  `updated_at` datetime NOT NULL,
  PRIMARY KEY (`id`),
  UNIQUE KEY `id` (`id`)
) ENGINE=InnoDB DEFAULT CHARSET=latin1;
/*!40101 SET character_set_client = @saved_cs_client */;

--
-- Dumping data for table `webhooks`
--

LOCK TABLES `webhooks` WRITE;
/*!40000 ALTER TABLE `webhooks` DISABLE KEYS */;
/*!40000 ALTER TABLE `webhooks` ENABLE KEYS */;
UNLOCK TABLES;
/*!40103 SET TIME_ZONE=@OLD_TIME_ZONE */;

/*!40101 SET SQL_MODE=@OLD_SQL_MODE */;
/*!40014 SET FOREIGN_KEY_CHECKS=@OLD_FOREIGN_KEY_CHECKS */;
/*!40014 SET UNIQUE_CHECKS=@OLD_UNIQUE_CHECKS */;
/*!40101 SET CHARACTER_SET_CLIENT=@OLD_CHARACTER_SET_CLIENT */;
/*!40101 SET CHARACTER_SET_RESULTS=@OLD_CHARACTER_SET_RESULTS */;
/*!40101 SET COLLATION_CONNECTION=@OLD_COLLATION_CONNECTION */;
/*!40111 SET SQL_NOTES=@OLD_SQL_NOTES */;

-- Dump completed on 2017-12-04  9:39:38
